ID	Haplogroup_Original	Haplogroup_Standardized	Haplogroup_PhyloTree	Haplogroup_LLT	Haplogroup_YuChunLi	Resolution_Status	Phylotree_Level	Phylotree_Parent	Phylotree_Mutations
MF057346	L0a	L0a	L0a	L	L0	exact	5	L0a'g	C146T G5231A G5460A T14308C T16278C C16320T
MF057347	L0a	L0a	L0a	L	L0	exact	5	L0a'g	C146T G5231A G5460A T14308C T16278C C16320T
MF057821	L0a	L0a	L0a	L	L0	exact	5	L0a'g	C146T G5231A G5460A T14308C T16278C C16320T
HGDP01418	L0a1a1	L0a1a1	L0a1a1	L	L0	exact	9	L0a1a	T2759C
HGDP00631	L0a1a1	L0a1a1	L0a1a1	L	L0	exact	9	L0a1a	T2759C
MF056131	L0a1a2	L0a1a2	L0a1a2	L	L0	exact	9	L0a1a	C152T G2245c
MF057241	L0a1a2	L0a1a2	L0a1a2	L	L0	exact	9	L0a1a	C152T G2245c
HGDP01419	L0a1a2	L0a1a2	L0a1a2	L	L0	exact	9	L0a1a	C152T G2245c
PV621514	L0a1a2	L0a1a2	L0a1a2	L	L0	exact	9	L0a1a	C152T G2245c
MF058196	L0a1a2	L0a1a2	L0a1a2	L	L0	exact	9	L0a1a	C152T G2245c
PV621580	L0a1b	L0a1b	L0a1b	L	L0	exact	9	L0a1a	C5911T A14007G C16278T!
PV621569	L0a1b	L0a1b	L0a1b	L	L0	exact	9	L0a1a	C5911T A14007G C16278T!
MF056328	L0a1b1a	L0a1b1a	L0a1b1a	L	L0	exact	11	L0a1b1	G12127A
MF055973	L0a1b1a	L0a1b1a	L0a1b1a	L	L0	exact	11	L0a1b1	G12127A
HGDP00621	L0a1b1a	L0a1b1a	L0a1b1a	L	L0	exact	11	L0a1b1	G12127A
MF055815	L0a1b1a1	L0a1b1a1	L0a1b1a1	L	L0	exact	12	L0a1b1a	T961C
MF057811	L0a1b1a1	L0a1b1a1	L0a1b1a1	L	L0	exact	12	L0a1b1a	T961C
MF057818	L0a1b1a1	L0a1b1a1	L0a1b1a1	L	L0	exact	12	L0a1b1a	T961C
MF058427	L0a1b1a1	L0a1b1a1	L0a1b1a1	L	L0	exact	12	L0a1b1a	T961C
MF055786	L0a1b1a1	L0a1b1a1	L0a1b1a1	L	L0	exact	12	L0a1b1a	T961C
MF057502	L0a1b1a1	L0a1b1a1	L0a1b1a1	L	L0	exact	12	L0a1b1a	T961C
MF057511	L0a1b1a1	L0a1b1a1	L0a1b1a1	L	L0	exact	12	L0a1b1a	T961C
MF057526	L0a1b1a1	L0a1b1a1	L0a1b1a1	L	L0	exact	12	L0a1b1a	T961C
MF057554	L0a1b1a1	L0a1b1a1	L0a1b1a1	L	L0	exact	12	L0a1b1a	T961C
MF057583	L0a1b1a1	L0a1b1a1	L0a1b1a1	L	L0	exact	12	L0a1b1a	T961C
MF057667	L0a1b1a1	L0a1b1a1	L0a1b1a1	L	L0	exact	12	L0a1b1a	T961C
MF058163	L0a1b1a1	L0a1b1a1	L0a1b1a1	L	L0	exact	12	L0a1b1a	T961C
MF058387	L0a1b1a1	L0a1b1a1	L0a1b1a1	L	L0	exact	12	L0a1b1a	T961C
MF058454	L0a1b1a1a	L0a1b1a1a	L0a1b1a1a	L	L0	exact	13	L0a1b1a1	T11017C C15381T
MF057796	L0a1e	L0a1e	L0a1e	L	L0	exact	8	L0a1	C152T G5147A C5608T T7568C T16168C!
MF056444	L0a2	L0a2	L0a2	L	L0	exact	6	L0a	C64T A185G! G5147A A5711G G6257A 8281-8289d A8460G A11172G A16129G
MF058431	L0a2	L0a2	L0a2	L	L0	exact	6	L0a	C64T A185G! G5147A A5711G G6257A 8281-8289d A8460G A11172G A16129G
MF055761	L0a2	L0a2	L0a2	L	L0	exact	6	L0a	C64T A185G! G5147A A5711G G6257A 8281-8289d A8460G A11172G A16129G
MF058116	L0a2	L0a2	L0a2	L	L0	exact	6	L0a	C64T A185G! G5147A A5711G G6257A 8281-8289d A8460G A11172G A16129G
MF058119	L0a2	L0a2	L0a2	L	L0	exact	6	L0a	C64T A185G! G5147A A5711G G6257A 8281-8289d A8460G A11172G A16129G
MF058113	L0a2	L0a2	L0a2	L	L0	exact	6	L0a	C64T A185G! G5147A A5711G G6257A 8281-8289d A8460G A11172G A16129G
MF058182	L0a2	L0a2	L0a2	L	L0	exact	6	L0a	C64T A185G! G5147A A5711G G6257A 8281-8289d A8460G A11172G A16129G
MF058188	L0a2	L0a2	L0a2	L	L0	exact	6	L0a	C64T A185G! G5147A A5711G G6257A 8281-8289d A8460G A11172G A16129G
HGDP00453	L0a2a1	L0a2a1	L0a2a1	L	L0	exact	8	L0a2a	T14182C
HGDP01092	L0a2a1	L0a2a1	L0a2a1	L	L0	exact	8	L0a2a	T14182C
HGDP00465	L0a2a1	L0a2a1	L0a2a1	L	L0	exact	8	L0a2a	T14182C
MF056435	L0a2a1a	L0a2a1a	L0a2a1a	L	L0	exact	9	L0a2a1	T4598C
MF056452	L0a2a1a	L0a2a1a	L0a2a1a	L	L0	exact	9	L0a2a1	T4598C
MF055811	L0a2a1a	L0a2a1a	L0a2a1a	L	L0	exact	9	L0a2a1	T4598C
MF058124	L0a2a1b	L0a2a1b	L0a2a1b	L	L0	exact	9	L0a2a1	G3834A A5558G
MF057933	L0a2a1b	L0a2a1b	L0a2a1b	L	L0	exact	9	L0a2a1	G3834A A5558G
MF057178	L0a2a2	L0a2a2	L0a2a2	L	L0	exact	8	L0a2a	T204C G207A A9545G G9554A
HGDP00994	L0a2a2a	L0a2a2a	L0a2a2a	L	L0	exact	9	L0a2a2	C13116T
MF055932	L0a2a2a	L0a2a2a	L0a2a2a	L	L0	exact	9	L0a2a2	C13116T
MF055787	L0a2a2a	L0a2a2a	L0a2a2a	L	L0	exact	9	L0a2a2	C13116T
MF058122	L0a2d	L0a2d	L0a2d	L	L0	exact	7	L0a2	A5581G G15317A
HGDP01033	L0d1a1a1	L0d1a1a1	L0d1a1a1	L	L0	exact	9	L0d1a1a	
HGDP01029	L0d1b2b2c1	L0d1b2b2c1	L0d1b2b2c1	L	L0	exact	9	L0d1b2b2c	T8937C
MF057155	L0d1c	L0d1c	L0d1c	L	L0	exact	5	L0d1a'c'd	C456T C4197T A9150G T11437C T12235C C13129T A15951G A16129G
MF058419	L0d1c	L0d1c	L0d1c	L	L0	exact	5	L0d1a'c'd	C456T C4197T A9150G T11437C T12235C C13129T A15951G A16129G
MF055756	L0d1c	L0d1c	L0d1c	L	L0	exact	5	L0d1a'c'd	C456T C4197T A9150G T11437C T12235C C13129T A15951G A16129G
MF057154	L0d2a'b'd	L0d2a'b'd	L0d2a'b'd	L	L0	exact	4	L0d2	
MF055945	L0f	L0f	L0f	L	L0	exact	3	L0a'b'f'g	(G207A) C4964T T7148C T9581C C9620T A13470G C14109T C14620T T15852C C16169T C16327T T16368C
MF056361	L0f	L0f	L0f	L	L0	exact	3	L0a'b'f'g	(G207A) C4964T T7148C T9581C C9620T A13470G C14109T C14620T T15852C C16169T C16327T T16368C
MF058535	L0f	L0f	L0f	L	L0	exact	3	L0a'b'f'g	(G207A) C4964T T7148C T9581C C9620T A13470G C14109T C14620T T15852C C16169T C16327T T16368C
MF056564	L0f	L0f	L0f	L	L0	exact	3	L0a'b'f'g	(G207A) C4964T T7148C T9581C C9620T A13470G C14109T C14620T T15852C C16169T C16327T T16368C
MF058103	L0f	L0f	L0f	L	L0	exact	3	L0a'b'f'g	(G207A) C4964T T7148C T9581C C9620T A13470G C14109T C14620T T15852C C16169T C16327T T16368C
MF058579	L0f	L0f	L0f	L	L0	exact	3	L0a'b'f'g	(G207A) C4964T T7148C T9581C C9620T A13470G C14109T C14620T T15852C C16169T C16327T T16368C
HGDP00992	L0k1a1a	L0k1a1a	L0k1a1a	L	L0	exact	6	L0k1a1	T204C G8251A
PV621532	L1b1a	L1b1a	L1b1a	L	L1	exact	4	L1b1	T5393C
PV621487	L1b1a	L1b1a	L1b1a	L	L1	exact	4	L1b1	T5393C
HGDP00911	L1b1a	L1b1a	L1b1a	L	L1	exact	4	L1b1	T5393C
MF056840	L1b1a	L1b1a	L1b1a	L	L1	exact	4	L1b1	T5393C
MF056333	L1b1a+189	L1b1a_A189G	L1b1a_A189G	L	L1	corrected	5	L1b1a	A189G
HGDP00941	L1b1a10	L1b1a10	L1b1a10	L	L1	exact	5	L1b1a	
PV621734	L1b1a14	L1b1a14	L1b1a14	L	L1	exact	5	L1b1a	A12512t
PV621476	L1b1a14	L1b1a14	L1b1a14	L	L1	exact	5	L1b1a	A12512t
HGDP00906	L1b1a14	L1b1a14	L1b1a14	L	L1	exact	5	L1b1a	A12512t
HGDP00907	L1b1a17	L1b1a17	L1b1a17	L	L1	exact	6	L1b1a2	T15629C
HGDP00913	L1b1a17	L1b1a17	L1b1a17	L	L1	exact	6	L1b1a2	T15629C
HGDP00935	L1b1a18	L1b1a18	L1b1a18	L	L1	exact	6	L1b1a2	T182C! T12609C T12696C
HGDP00627	L1b1a2	L1b1a2	L1b1a2	L	L1	exact	5	L1b1a	T7954C
PV621465	L1b1a2a	L1b1a2a	L1b1a2a	L	L1	exact	6	L1b1a2	
HGDP00924	L1b1a3	L1b1a3	L1b1a3	L	L1	exact	6	L1b1a2	G13980A
PV621625	L1b1a3	L1b1a3	L1b1a3	L	L1	exact	6	L1b1a2	G13980A
PV621530	L1b1a3a	L1b1a3a	L1b1a3a	L	L1	exact	7	L1b1a3	C7915T
PV621815	L1b1a3a	L1b1a3a	L1b1a3a	L	L1	exact	7	L1b1a3	C7915T
HGDP01202	L1b1a4	L1b1a4	L1b1a4	L	L1	exact	6	L1b1a1'4	G8790A
HGDP00905	L1b1a4a	L1b1a4a	L1b1a4a	L	L1	exact	7	L1b1a4	G13194A
PV621701	L1b1a5	L1b1a5	L1b1a5	L	L1	exact	5	L1b1a	C14812T
PV621804	L1b1a6	L1b1a6	L1b1a6	L	L1	exact	5	L1b1a	G9755A T14110C
PV621591	L1b1a7	L1b1a7	L1b1a7	L	L1	exact	5	L1b1a	T6378C
PV621531	L1b1a9	L1b1a9	L1b1a9	L	L1	exact	6	L1b1a2	G6446A
MF057034	L1b2a	L1b2a	L1b2a	L	L1	exact	5	L1b2	T146C! A12171G C16111T T16264C!
MF058210	L1b2a	L1b2a	L1b2a	L	L1	exact	5	L1b2	T146C! A12171G C16111T T16264C!
MF055896	L1b2a	L1b2a	L1b2a	L	L1	exact	5	L1b2	T146C! A12171G C16111T T16264C!
MF055898	L1b2a	L1b2a	L1b2a	L	L1	exact	5	L1b2	T146C! A12171G C16111T T16264C!
MF056005	L1b2a	L1b2a	L1b2a	L	L1	exact	5	L1b2	T146C! A12171G C16111T T16264C!
MF056151	L1b2a	L1b2a	L1b2a	L	L1	exact	5	L1b2	T146C! A12171G C16111T T16264C!
MF058292	L1c1	L1c1	L1c1	L	L1	exact	5	L1c1'2'4'6	A3796t A3843G A14148G A16293G
MF058216	L1c1	L1c1	L1c1	L	L1	exact	5	L1c1'2'4'6	A3796t A3843G A14148G A16293G
HGDP00454	L1c1a1a1a	L1c1a1a1a	L1c1a1a1a	L	L1	exact	11	L1c1a1a1	G6182A T8928C T9311C T15663C G16293A!
HGDP00460	L1c1a1a1b	L1c1a1a1b	L1c1a1a1b	L	L1	exact	11	L1c1a1a1	
HGDP01087	L1c1a2a2	L1c1a2a2	L1c1a2a2	L	L1	exact	10	L1c1a2a	T15289C
HGDP00452	L1c1a2a2	L1c1a2a2	L1c1a2a2	L	L1	exact	10	L1c1a2a	T15289C
HGDP00473	L1c1a2b	L1c1a2b	L1c1a2b	L	L1	exact	9	L1c1a2	C152T A6752G T7660C C7693T C9272T
HGDP00466	L1c1a2b	L1c1a2b	L1c1a2b	L	L1	exact	9	L1c1a2	C152T A6752G T7660C C7693T C9272T
HGDP00985	L1c1a2b	L1c1a2b	L1c1a2b	L	L1	exact	9	L1c1a2	C152T A6752G T7660C C7693T C9272T
HGDP01086	L1c1a2b	L1c1a2b	L1c1a2b	L	L1	exact	9	L1c1a2	C152T A6752G T7660C C7693T C9272T
MF057157	L1c1d	L1c1d	L1c1d	L	L1	exact	8	L1c1b'd	G5460A G11914A! G15301A C15626T A16038G
MF057233	L1c1d	L1c1d	L1c1d	L	L1	exact	8	L1c1b'd	G5460A G11914A! G15301A C15626T A16038G
MF055944	L1c1d	L1c1d	L1c1d	L	L1	exact	8	L1c1b'd	G5460A G11914A! G15301A C15626T A16038G
MF056313	L1c1d	L1c1d	L1c1d	L	L1	exact	8	L1c1b'd	G5460A G11914A! G15301A C15626T A16038G
MF057449	L1c1d	L1c1d	L1c1d	L	L1	exact	8	L1c1b'd	G5460A G11914A! G15301A C15626T A16038G
MF057360	L1c1d	L1c1d	L1c1d	L	L1	exact	8	L1c1b'd	G5460A G11914A! G15301A C15626T A16038G
MF057470	L1c1d	L1c1d	L1c1d	L	L1	exact	8	L1c1b'd	G5460A G11914A! G15301A C15626T A16038G
MF057545	L1c1d	L1c1d	L1c1d	L	L1	exact	8	L1c1b'd	G5460A G11914A! G15301A C15626T A16038G
MF056395	L1c2a1a	L1c2a1a	L1c2a1a	L	L1	exact	9	L1c2a1	T7744C G8251A C13212T T13281C C14812T C16071T C16234T
HGDP01413	L1c2a1a	L1c2a1a	L1c2a1a	L	L1	exact	9	L1c2a1	T7744C G8251A C13212T T13281C C14812T C16071T C16234T
HGDP01411	L1c2a1a	L1c2a1a	L1c2a1a	L	L1	exact	9	L1c2a1	T7744C G8251A C13212T T13281C C14812T C16071T C16234T
MF058146	L1c2a1a	L1c2a1a	L1c2a1a	L	L1	exact	9	L1c2a1	T7744C G8251A C13212T T13281C C14812T C16071T C16234T
MF058177	L1c2a1a	L1c2a1a	L1c2a1a	L	L1	exact	9	L1c2a1	T7744C G8251A C13212T T13281C C14812T C16071T C16234T
MF058166	L1c2a1a	L1c2a1a	L1c2a1a	L	L1	exact	9	L1c2a1	T7744C G8251A C13212T T13281C C14812T C16071T C16234T
MF058414	L1c2a1a	L1c2a1a	L1c2a1a	L	L1	exact	9	L1c2a1	T7744C G8251A C13212T T13281C C14812T C16071T C16234T
PV621626	L1c2a2	L1c2a2	L1c2a2	L	L1	exact	8	L1c2a	G709A G3438A C5899.1d! C7070T C7160T A7301G G8701A T9018C T13437C T16288C T16357C T16360C!
MF055749	L1c2a2	L1c2a2	L1c2a2	L	L1	exact	8	L1c2a	G709A G3438A C5899.1d! C7070T C7160T A7301G G8701A T9018C T13437C T16288C T16357C T16360C!
MF058069	L1c2a3a	L1c2a3a	L1c2a3a	L	L1	exact	9	L1c2a3	A385G C1048T T7741C A14127G A16129G T16172C
MF057138	L1c2b1a'b	L1c2b1a'b	L1c2b1a'b	L	L1	exact	9	L1c2b1	A2220G
MF058125	L1c2b1b	L1c2b1b	L1c2b1b	L	L1	exact	10	L1c2b1a'b	T5087C G6480A A9108G C12669T
MF056364	L1c2b2	L1c2b2	L1c2b2	L	L1	exact	8	L1c2b	T8567C A13269G C16320T
MF056758	L1c3	L1c3	L1c3	L	L1	exact	3	L1c	C195T T6221a G6917A G7055A! C11302T A15226G T15905C C15978T
PV621535	L1c3a	L1c3a	L1c3a	L	L1	exact	4	L1c3	G6260A G7498A G7789A G9966A C12019T G12501A T16187C A16215G
MF056673	L1c3a	L1c3a	L1c3a	L	L1	exact	4	L1c3	G6260A G7498A G7789A G9966A C12019T G12501A T16187C A16215G
MF057171	L1c3a	L1c3a	L1c3a	L	L1	exact	4	L1c3	G6260A G7498A G7789A G9966A C12019T G12501A T16187C A16215G
MF056122	L1c3a	L1c3a	L1c3a	L	L1	exact	4	L1c3	G6260A G7498A G7789A G9966A C12019T G12501A T16187C A16215G
MF056087	L1c3a	L1c3a	L1c3a	L	L1	exact	4	L1c3	G6260A G7498A G7789A G9966A C12019T G12501A T16187C A16215G
MF058363	L1c3a	L1c3a	L1c3a	L	L1	exact	4	L1c3	G6260A G7498A G7789A G9966A C12019T G12501A T16187C A16215G
MF057313	L1c3a	L1c3a	L1c3a	L	L1	exact	4	L1c3	G6260A G7498A G7789A G9966A C12019T G12501A T16187C A16215G
MF058091	L1c3a	L1c3a	L1c3a	L	L1	exact	4	L1c3	G6260A G7498A G7789A G9966A C12019T G12501A T16187C A16215G
MF056794	L1c3a	L1c3a	L1c3a	L	L1	exact	4	L1c3	G6260A G7498A G7789A G9966A C12019T G12501A T16187C A16215G
MF057431	L1c3a	L1c3a	L1c3a	L	L1	exact	4	L1c3	G6260A G7498A G7789A G9966A C12019T G12501A T16187C A16215G
MF055867	L1c3a	L1c3a	L1c3a	L	L1	exact	4	L1c3	G6260A G7498A G7789A G9966A C12019T G12501A T16187C A16215G
MF057956	L1c3a	L1c3a	L1c3a	L	L1	exact	4	L1c3	G6260A G7498A G7789A G9966A C12019T G12501A T16187C A16215G
MF058094	L1c3a1a	L1c3a1a	L1c3a1a	L	L1	exact	6	L1c3a1	T2387C T12616C
HGDP00940	L1c3a1b	L1c3a1b	L1c3a1b	L	L1	exact	6	L1c3a1	T8668C C16355T
MF056335	L1c3a1b	L1c3a1b	L1c3a1b	L	L1	exact	6	L1c3a1	T8668C C16355T
MF057832	L1c3a1b	L1c3a1b	L1c3a1b	L	L1	exact	6	L1c3a1	T8668C C16355T
MF056820	L1c3b1a	L1c3b1a	L1c3b1a	L	L1	exact	7	L1c3b1	A11317G G13708A T16209C
MF058422	L1c3b1a	L1c3b1a	L1c3b1a	L	L1	exact	7	L1c3b1	A11317G G13708A T16209C
MF057444	L1c3b1a	L1c3b1a	L1c3b1a	L	L1	exact	7	L1c3b1	A11317G G13708A T16209C
MF058077	L1c3b1a	L1c3b1a	L1c3b1a	L	L1	exact	7	L1c3b1	A11317G G13708A T16209C
MF056281	L1c3c	L1c3c	L1c3c	L	L1	exact	5	L1c3b'c	
MF056292	L1c3c	L1c3c	L1c3c	L	L1	exact	5	L1c3b'c	
MF055934	L1c3c	L1c3c	L1c3c	L	L1	exact	5	L1c3b'c	
MF055783	L1c3c	L1c3c	L1c3c	L	L1	exact	5	L1c3b'c	
HGDP00475	L1c4b	L1c4b	L1c4b	L	L1	exact	7	L1c4	A4706G A11002G
HGDP00472	L1c4b	L1c4b	L1c4b	L	L1	exact	7	L1c4	A4706G A11002G
HGDP01094	L1c4b	L1c4b	L1c4b	L	L1	exact	7	L1c4	A4706G A11002G
HGDP00981	L1c4b	L1c4b	L1c4b	L	L1	exact	7	L1c4	A4706G A11002G
HGDP00986	L1c4b	L1c4b	L1c4b	L	L1	exact	7	L1c4	A4706G A11002G
HGDP00470	L1c4b	L1c4b	L1c4b	L	L1	exact	7	L1c4	A4706G A11002G
PV621534	L1c5	L1c5	L1c5	L	L1	exact	4	L1c1'2'4'5'6	A291t G709A A5390G G7762A T8143C 8281-8289d T9899C G11150A A12425G G12630A G13359A G13368A T15449C G15553A T15941C (C16114a) C16261T T16294C!
PV621554	L2b2	L2b2	L2b2	L	L2	exact	8	L2b	T6614C A6806G T8503C
PV621605	L2b2	L2b2	L2b2	L	L2	exact	8	L2b	T6614C A6806G T8503C
PV621604	L2b2	L2b2	L2b2	L	L2	exact	8	L2b	T6614C A6806G T8503C
MF057011	L2b2a	L2b2a	L2b2a	L	L2	exact	9	L2b2	G709A G8790A A9350G A13966G C14407T C16354T
MF058193	L2b2a	L2b2a	L2b2a	L	L2	exact	9	L2b2	G709A G8790A A9350G A13966G C14407T C16354T
PV621512	L2b2a	L2b2a	L2b2a	L	L2	exact	9	L2b2	G709A G8790A A9350G A13966G C14407T C16354T
MF058198	L2b2a	L2b2a	L2b2a	L	L2	exact	9	L2b2	G709A G8790A A9350G A13966G C14407T C16354T
PV621513	L2b3a	L2b3a	L2b3a	L	L2	exact	9	L2b3	C4185T G5744A A8925G G14544A A15236G G15326A
PV621607	L2c	L2c	L2c	L	L2	exact	7	L2b'c	A93G C325T T680C G709A T3200a G13928c G13958c C15849T
PV621606	L2c	L2c	L2c	L	L2	exact	7	L2b'c	A93G C325T T680C G709A T3200a G13928c G13958c C15849T
PV621787	L2c	L2c	L2c	L	L2	exact	7	L2b'c	A93G C325T T680C G709A T3200a G13928c G13958c C15849T
PV621608	L2c	L2c	L2c	L	L2	exact	7	L2b'c	A93G C325T T680C G709A T3200a G13928c G13958c C15849T
PV621466	L2c	L2c	L2c	L	L2	exact	7	L2b'c	A93G C325T T680C G709A T3200a G13928c G13958c C15849T
HGDP01201	L2c1a	L2c1a	L2c1a	L	L2	exact	9	L2c1	G93A! T5201C
PV621833	L2c1a	L2c1a	L2c1a	L	L2	exact	9	L2c1	G93A! T5201C
HGDP01200	L2c1a	L2c1a	L2c1a	L	L2	exact	9	L2c1	G93A! T5201C
PV621799	L2c1a	L2c1a	L2c1a	L	L2	exact	9	L2c1	G93A! T5201C
PV621630	L2c2a1	L2c2a1	L2c2a1	L	L2	exact	10	L2c2a	C869T A5823G T13184C
MF057190	L2c2b1b	L2c2b1b	L2c2b1b	L	L2	exact	11	L2c2b1	T8567C A9063G T10790C T16311C!
MF058106	L2c2b1b	L2c2b1b	L2c2b1b	L	L2	exact	11	L2c2b1	T8567C A9063G T10790C T16311C!
MF058112	L2c2b1b	L2c2b1b	L2c2b1b	L	L2	exact	11	L2c2b1	T8567C A9063G T10790C T16311C!
HGDP00916	L2c3a	L2c3a	L2c3a	L	L2	exact	9	L2c3	C5255T T8733C
HGDP00919	L2c5	L2c5	L2c5	L	L2	exact	8	L2c	G4596A
MF057217	L2d1a	L2d1a	L2d1a	L	L2	exact	8	L2d1	G8856A C15263T T15458C A15703G
PV621609	L2e1	L2e1	L2e1	L	L2	exact	5	L2e	C954T
PV621521	L2e1	L2e1	L2e1	L	L2	exact	5	L2e	C954T
MF057456	L3	L3	L3	L	L3	exact	5	L3'4	A769G A1018G C16311T
MF056812	L3	L3	L3	L	L3	exact	5	L3'4	A769G A1018G C16311T
MF056782	L3	L3	L3	L	L3	exact	5	L3'4	A769G A1018G C16311T
MF058264	L3a1	L3a1	L3a1	L	L3	exact	7	L3a	T721C C10314T T14461C A14851G G15553A T16311C!
MF056371	L3a1b	L3a1b	L3a1b	L	L3	exact	8	L3a1	T195C! C198T C2357T C10184T G12618A G13708A A14566G
MF056373	L3a1b	L3a1b	L3a1b	L	L3	exact	8	L3a1	T195C! C198T C2357T C10184T G12618A G13708A A14566G
PV621467	L3b1	L3b1	L3b1	L	L3	exact	8	L3b	G10373A
PV621562	L3b1a	L3b1a	L3b1a	L	L3	exact	9	L3b1	A11002G
PV621559	L3b1a	L3b1a	L3b1a	L	L3	exact	9	L3b1	A11002G
PV621560	L3b1a	L3b1a	L3b1a	L	L3	exact	9	L3b1	A11002G
PV621561	L3b1a	L3b1a	L3b1a	L	L3	exact	9	L3b1	A11002G
PV621557	L3b1a	L3b1a	L3b1a	L	L3	exact	9	L3b1	A11002G
PV621610	L3b1a	L3b1a	L3b1a	L	L3	exact	9	L3b1	A11002G
PV621556	L3b1a	L3b1a	L3b1a	L	L3	exact	9	L3b1	A11002G
HGDP00912	L3b1a	L3b1a	L3b1a	L	L3	exact	9	L3b1	A11002G
PV621778	L3b1a	L3b1a	L3b1a	L	L3	exact	9	L3b1	A11002G
PV621555	L3b1a10	L3b1a10	L3b1a10	L	L3	exact	10	L3b1a	G4659A G7859A
PV621788	L3b1a10	L3b1a10	L3b1a10	L	L3	exact	10	L3b1a	G4659A G7859A
PV621563	L3b1b	L3b1b	L3b1b	L	L3	exact	9	L3b1	T152C! A9079G C15664T
PV621523	L3b1b	L3b1b	L3b1b	L	L3	exact	9	L3b1	T152C! A9079G C15664T
PV621790	L3b1b	L3b1b	L3b1b	L	L3	exact	9	L3b1	T152C! A9079G C15664T
PV621522	L3b1b	L3b1b	L3b1b	L	L3	exact	9	L3b1	T152C! A9079G C15664T
PV621789	L3b1b	L3b1b	L3b1b	L	L3	exact	9	L3b1	T152C! A9079G C15664T
MF056392	L3b2	L3b2	L3b2	L	L3	exact	8	L3b	C3420T T10640C C16527T
MF057750	L3b2	L3b2	L3b2	L	L3	exact	8	L3b	C3420T T10640C C16527T
MF057753	L3b2	L3b2	L3b2	L	L3	exact	8	L3b	C3420T T10640C C16527T
PV621524	L3b2a	L3b2a	L3b2a	L	L3	exact	9	L3b2	T5250C T16189C!
PV621526	L3b2b	L3b2b	L3b2b	L	L3	exact	9	L3b2	G9053A A9067G C15550T
PV621834	L3b2b	L3b2b	L3b2b	L	L3	exact	9	L3b2	G9053A A9067G C15550T
PV621692	L3b2b	L3b2b	L3b2b	L	L3	exact	9	L3b2	G9053A A9067G C15550T
MF057870	L3c'd	L3c'd	L3c'd	L	L3	exact	6	L3	T152C! A13105G!
PV621615	L3d1	L3d1	L3d1	L	L3	exact	9	L3d1'2'3'4'5'6	T6680C
PV621578	L3d1'2'3'4'5'6	L3d1'2'3'4'5'6	L3d1'2'3'4'5'6	L	L3	exact	8	L3d	T921C
MF055830	L3d1a	L3d1a	L3d1a	L	L3	exact	10	L3d1	G4048A C7648T G11887A
MF056345	L3d1a	L3d1a	L3d1a	L	L3	exact	10	L3d1	G4048A C7648T G11887A
MF056844	L3d1a	L3d1a	L3d1a	L	L3	exact	10	L3d1	G4048A C7648T G11887A
PV621695	L3d1c1	L3d1c1	L3d1c1	L	L3	exact	11	L3d1c	A5372G A9254G
PV621614	L3d1c1	L3d1c1	L3d1c1	L	L3	exact	11	L3d1c	A5372G A9254G
PV621573	L3d1c1	L3d1c1	L3d1c1	L	L3	exact	11	L3d1c	A5372G A9254G
HGDP00909	L3d1d	L3d1d	L3d1d	L	L3	exact	10	L3d1	A7765G A9151G (C16256T) (T16368C)
PV621575	L3d2b	L3d2b	L3d2b	L	L3	exact	10	L3d2	
PV621574	L3d2b	L3d2b	L3d2b	L	L3	exact	10	L3d2	
MF057507	L3d3a1	L3d3a1	L3d3a1	L	L3	exact	11	L3d3a	A15208G
MF058123	L3d3a1	L3d3a1	L3d3a1	L	L3	exact	11	L3d3a	A15208G
HGDP01031	L3d3a1a	L3d3a1a	L3d3a1a	L	L3	exact	12	L3d3a1	T2416C
MF056408	L3d3b	L3d3b	L3d3b	L	L3	exact	10	L3d3	T7389C
MF056536	L3d3b	L3d3b	L3d3b	L	L3	exact	10	L3d3	T7389C
PV621696	L3d4	L3d4	L3d4	L	L3	exact	9	L3d1'2'3'4'5'6	
PV621576	L3d4	L3d4	L3d4	L	L3	exact	9	L3d1'2'3'4'5'6	
PV621800	L3d4	L3d4	L3d4	L	L3	exact	9	L3d1'2'3'4'5'6	
PV621577	L3d5a	L3d5a	L3d5a	L	L3	exact	10	L3d5	A7158G T12311C G15930A
MF056130	L3e1	L3e1	L3e1	L	L3	exact	8	L3e	A189G A200G T6221C C6587T A14152G T15670C T15942C C16327T
PV621801	L3e1	L3e1	L3e1	L	L3	exact	8	L3e	A189G A200G T6221C C6587T A14152G T15670C T15942C C16327T
MF057908	L3e1	L3e1	L3e1	L	L3	exact	8	L3e	A189G A200G T6221C C6587T A14152G T15670C T15942C C16327T
MF057852	L3e1	L3e1	L3e1	L	L3	exact	8	L3e	A189G A200G T6221C C6587T A14152G T15670C T15942C C16327T
MF057093	L3e1	L3e1	L3e1	L	L3	exact	8	L3e	A189G A200G T6221C C6587T A14152G T15670C T15942C C16327T
MF057959	L3e1	L3e1	L3e1	L	L3	exact	8	L3e	A189G A200G T6221C C6587T A14152G T15670C T15942C C16327T
PV621468	L3e1	L3e1	L3e1	L	L3	exact	8	L3e	A189G A200G T6221C C6587T A14152G T15670C T15942C C16327T
HGDP00930	L3e1	L3e1	L3e1	L	L3	exact	8	L3e	A189G A200G T6221C C6587T A14152G T15670C T15942C C16327T
MF055810	L3e1a1a	L3e1a1a	L3e1a1a	L	L3	exact	11	L3e1a1	G3438A
PV621588	L3e4	L3e4	L3e4	L	L3	exact	10	L3e3'4	G3915A A5584G C11257T C13749T A16051G
PV621589	L3e4	L3e4	L3e4	L	L3	exact	10	L3e3'4	G3915A A5584G C11257T C13749T A16051G
HGDP00910	L3e4a1	L3e4a1	L3e4a1	L	L3	exact	12	L3e4a	C9490T
HGDP00918	L3e4a1	L3e4a1	L3e4a1	L	L3	exact	12	L3e4a	C9490T
PV621593	L3e5	L3e5	L3e5	L	L3	exact	9	L3e3'4'5	T398C G8392A A16041G
PV621590	L3e5b	L3e5b	L3e5b	L	L3	exact	10	L3e5	T5483C
PV621592	L3e5d	L3e5d	L3e5d	L	L3	exact	10	L3e5	A8869G C12591T
MF057251	L3f	L3f	L3f	L	L3	exact	7	L3b'f	T3396C T4218C T15514C T16209C
MF058025	L3f	L3f	L3f	L	L3	exact	7	L3b'f	T3396C T4218C T15514C T16209C
PV621836	L3f1b	L3f1b	L3f1b	L	L3	exact	9	L3f1	A189G (A200G) T1822C C7819a A8527G C8932T G11440A A14769G T16311C!
PV621835	L3f1b	L3f1b	L3f1b	L	L3	exact	9	L3f1	A189G (A200G) T1822C C7819a A8527G C8932T G11440A A14769G T16311C!
PV621693	L3f1b4c	L3f1b4c	L3f1b4c	L	L3	exact	12	L3f1b4	
MF058568	L3f2a1	L3f2a1	L3f2a1	L	L3	exact	10	L3f2a	G5821A C9365T G15314A
PV621565	L3f3	L3f3	L3f3	L	L3	exact	8	L3f	A189G T318C C959T G4643A A5181G C6602T A8158G G8251A G9932A T10604C T11770C T15940C C16176T C16234T
PV621566	L3f3	L3f3	L3f3	L	L3	exact	8	L3f	A189G T318C C959T G4643A A5181G C6602T A8158G G8251A G9932A T10604C T11770C T15940C C16176T C16234T
PV621564	L3f3b	L3f3b	L3f3b	L	L3	exact	9	L3f3	
HGDP01416	L3h1a1	L3h1a1	L3h1a1	L	L3	exact	9	L3h1a	T8047C G8485A C12432T G13708A T13926C T14110C C16192T T16298C
MF057981	L3h1a2	L3h1a2	L3h1a2	L	L3	exact	9	L3h1a	C8781a
PV621595	L3h1b1a	L3h1b1a	L3h1b1a	L	L3	exact	10	L3h1b1	T3777C C16179T
PV621594	L3h1b1a	L3h1b1a	L3h1b1a	L	L3	exact	10	L3h1b1	T3777C C16179T
MF058194	L3k1	L3k1	L3k1	L	L3	exact	8	L3k	A735G T4313C A9007t G9329A A13542G A13862G C16355T
MF056601	L3k1	L3k1	L3k1	L	L3	exact	8	L3k	A735G T4313C A9007t G9329A A13542G A13862G C16355T
MF055969	L3k1	L3k1	L3k1	L	L3	exact	8	L3k	A735G T4313C A9007t G9329A A13542G A13862G C16355T
MF058157	L3k1	L3k1	L3k1	L	L3	exact	8	L3k	A735G T4313C A9007t G9329A A13542G A13862G C16355T
MF057002	L3x1a2	L3x1a2	L3x1a2	L	L3	exact	10	L3x1a	T13392C
MF056606	L4b1a	L4b1a	L4b1a	L	L4	exact	8	L4b1	T199C G513A A1804G G3010A A3505G C4017T C4029a T4216C T4232C T7624C T8614C C8974g C9248T G9986A A12661t A13497G G14016A G14905A C16179T T16189C! C16239T C16320T
PV621596	L4b1a	L4b1a	L4b1a	L	L4	exact	8	L4b1	T199C G513A A1804G G3010A A3505G C4017T C4029a T4216C T4232C T7624C T8614C C8974g C9248T G9986A A12661t A13497G G14016A G14905A C16179T T16189C! C16239T C16320T
MF056747	L4b1a	L4b1a	L4b1a	L	L4	exact	8	L4b1	T199C G513A A1804G G3010A A3505G C4017T C4029a T4216C T4232C T7624C T8614C C8974g C9248T G9986A A12661t A13497G G14016A G14905A C16179T T16189C! C16239T C16320T
MF058235	L4b1a	L4b1a	L4b1a	L	L4	exact	8	L4b1	T199C G513A A1804G G3010A A3505G C4017T C4029a T4216C T4232C T7624C T8614C C8974g C9248T G9986A A12661t A13497G G14016A G14905A C16179T T16189C! C16239T C16320T
MF058245	L4b1a	L4b1a	L4b1a	L	L4	exact	8	L4b1	T199C G513A A1804G G3010A A3505G C4017T C4029a T4216C T4232C T7624C T8614C C8974g C9248T G9986A A12661t A13497G G14016A G14905A C16179T T16189C! C16239T C16320T
MF056607	L4b1a	L4b1a	L4b1a	L	L4	exact	8	L4b1	T199C G513A A1804G G3010A A3505G C4017T C4029a T4216C T4232C T7624C T8614C C8974g C9248T G9986A A12661t A13497G G14016A G14905A C16179T T16189C! C16239T C16320T
MF056608	L4b1a	L4b1a	L4b1a	L	L4	exact	8	L4b1	T199C G513A A1804G G3010A A3505G C4017T C4029a T4216C T4232C T7624C T8614C C8974g C9248T G9986A A12661t A13497G G14016A G14905A C16179T T16189C! C16239T C16320T
MF056688	L4b1a	L4b1a	L4b1a	L	L4	exact	8	L4b1	T199C G513A A1804G G3010A A3505G C4017T C4029a T4216C T4232C T7624C T8614C C8974g C9248T G9986A A12661t A13497G G14016A G14905A C16179T T16189C! C16239T C16320T
MF057905	L4b1a	L4b1a	L4b1a	L	L4	exact	8	L4b1	T199C G513A A1804G G3010A A3505G C4017T C4029a T4216C T4232C T7624C T8614C C8974g C9248T G9986A A12661t A13497G G14016A G14905A C16179T T16189C! C16239T C16320T
MF056575	L4b2a	L4b2a	L4b2a	L	L4	exact	8	L4b2	A709G! T1413C
MF058237	L4b2a	L4b2a	L4b2a	L	L4	exact	8	L4b2	A709G! T1413C
MF057553	L4b2a1	L4b2a1	L4b2a1	L	L4	exact	9	L4b2a	T152C! T471C A547G G5471A T5580C G5746A A6260G! G16274A
MF058382	L4b2a1	L4b2a1	L4b2a1	L	L4	exact	9	L4b2a	T152C! T471C A547G G5471A T5580C G5746A A6260G! G16274A
PV621597	L4b2b	L4b2b	L4b2b	L	L4	exact	8	L4b2	A5128G G7805A T10265C T12438C
HGDP01415	L5a1	L5a1	L5a1	L	L5	exact	4	L5a	455.2T G930A C4496T C8754T
HGDP00462	L5a1c	L5a1c	L5a1c	L	L5	exact	5	L5a1	G513A C4137T
PV621697	M1a1b1	M1a1b1	M1a1b1	M*	M	exact	12	M1a1b	A14769G
HGDP00611	M1a1b2	M1a1b2	M1a1b2	M*	M	exact	12	M1a1b	A1820G
PV621641	M1a1i	M1a1i	M1a1i	M*	M	exact	11	M1a1	T204C G263A T9845C C16527T
PV621698	M1a2	M1a2	M1a2	M*	M	exact	10	M1a	G15884A
PV621699	M1a3b	M1a3b	M1a3b	M*	M	exact	11	M1a3	T12414C
PV621652	M1a3b2	M1a3b2	M1a3b2	M*	M	exact	12	M1a3b	C9740T
PV621663	M1a6	M1a6	M1a6	M*	M	exact	10	M1a	C954T
PV621704	M1b1	M1b1	M1b1	M*	M	exact	10	M1b	T466C C4936T T8868C C15247g C16185T
PV621703	M1b1a	M1b1a	M1b1a	M*	M	exact	11	M1b1	A200G A11671G
PV621700	M1b1a	M1b1a	M1b1a	M*	M	exact	11	M1b1	A200G A11671G
PV621702	M1b1a	M1b1a	M1b1a	M*	M	exact	11	M1b1	A200G A11671G
PV621705	M1b2	M1b2	M1b2	M*	M	exact	10	M1b	A10895G A16399G
MF058562	M32c	M32c	M32c	M*	M	exact	9	M32	C150T A200G C3588T A7960G C8768T A13308G G13590A G13708A C14130T A14260G A14527G G15172A C15625T T16086C C16148T C16259T C16278T! A16399G
MF058574	M32c	M32c	M32c	M*	M	exact	9	M32	C150T A200G C3588T A7960G C8768T A13308G G13590A G13708A C14130T A14260G A14527G G15172A C15625T T16086C C16148T C16259T C16278T! A16399G
MF058502	M7c1	M7c1	M7c1	M7	M7	exact	10	M7c	T199C T5442C (C16295T)
MF055770	M7c1c3	M7c1c3	M7c1c3	M7	M7	exact	12	M7c1c	
MF523019	H15a1a1	H15a1a1	H15a1a1	HV	H	exact	15	H15a1a	
MF523038	H15a1a1	H15a1a1	H15a1a1	HV	H	exact	15	H15a1a	
MF523041	H15a1a1	H15a1a1	H15a1a1	HV	H	exact	15	H15a1a	
MF523042	H15a1a1	H15a1a1	H15a1a1	HV	H	exact	15	H15a1a	
MF523050	H15a1a1	H15a1a1	H15a1a1	HV	H	exact	15	H15a1a	
MF523018	H15a1b	H15a1b	H15a1b	HV	H	exact	14	H15a1	44.1C T146C! G11914A! C16184T
MF523022	H15a1b	H15a1b	H15a1b	HV	H	exact	14	H15a1	44.1C T146C! G11914A! C16184T
MF523023	H15a1b	H15a1b	H15a1b	HV	H	exact	14	H15a1	44.1C T146C! G11914A! C16184T
MF523026	H15a1b	H15a1b	H15a1b	HV	H	exact	14	H15a1	44.1C T146C! G11914A! C16184T
MF523044	H2a1a	H2a1a	H2a1a	HV	H	exact	14	H2a1	C6173T T13095C
MF523045	H2a1a	H2a1a	H2a1a	HV	H	exact	14	H2a1	C6173T T13095C
MF523046	H2a1a	H2a1a	H2a1a	HV	H	exact	14	H2a1	C6173T T13095C
MF523052	H2a1a	H2a1a	H2a1a	HV	H	exact	14	H2a1	C6173T T13095C
MF523030	U2e1h	U2e1h	U2e1h	U	U	exact	15	U2e1	
MF523059	U2e1h	U2e1h	U2e1h	U	U	exact	15	U2e1	
MF523063	U2e1h	U2e1h	U2e1h	U	U	exact	15	U2e1	
MF523064	U2e1h	U2e1h	U2e1h	U	U	exact	15	U2e1	
OM194282	C4a2a	C4a2a	C4a2a	C	C	exact	14	C4a2	G8485A T8793C C16344T
OM194324	C4a2a1	C4a2a1	C4a2a1	C	C	exact	15	C4a2a	A16171G
OM194274	C4a2c	C4a2c	C4a2c	C	C	exact	14	C4a2	G47A T3394C C13967T
MF523027	C4a2c1	C4a2c1	C4a2c1	C	C	exact	15	C4a2c	G207A A6929G T10724C G13145A C16239T
OM194240	C4a2c1	C4a2c1	C4a2c1	C	C	exact	15	C4a2c	G207A A6929G T10724C G13145A C16239T
OM194256	A+152+16362	A_T152C_T16362C	A_T152C_T16362C	A	A	corrected	9	A_T152C	T152C T16362C
OM194305	A12a	A12a	A12a	A	A	exact	10	A12	G1709A A9754G G16039A T16356C
OM194304	A14	A14	A14	A	A	exact	9	A6	C151T A735G
OM194290	A5	A5	A5	A	A	exact	8	A	A8563G C11536T
MF523155	B4a1c4	B4a1c4	B4a1c4	B	B4	exact	15	B4a1c1	A12904G
OM194338	B5b2a1	B5b2a1	B5b2a1	B	B5	exact	14	B5b2a	G5744A T11437C C16291T
MF523032	C1f	C1f	C1f	C	C	exact	11	C1	G247A!
MF523034	C4+152	C4_T152C!	C4_T152C!	C	C	corrected	11	C4	T152C!
OM194300	C4d	C4d	C4d	C	C	exact	13	C4c	A7100G A12780G A15236G
OM194293	C5a1	C5a1	C5a1	C	C	exact	12	C5a	C4904T C8140T
OM194302	C5b1b1	C5b1b1	C5b1b1	C	C	exact	14	C5b1b	T15055C
OM194326	C7a1	C7a1	C7a1	C	C	exact	12	C7a	T146C! T12957C A14978G
OM194311	D4	D4	D4	D	D4	exact	9	D	G3010A C8414T C14668T
OM194318	D4	D4	D4	D	D4	exact	9	D	G3010A C8414T C14668T
OM194263	D4	D4	D4	D	D4	exact	9	D	G3010A C8414T C14668T
OM194249	D4a3b	D4a3b	D4a3b	D	D4	exact	12	D4a3	G7912A
OM194339	D4b1a2a1	D4b1a2a1	D4b1a2a1	D	D4	exact	15	D4b1a2a	
OM194243	D4b2b	D4b2b	D4b2b	D	D4	exact	12	D4b2	(C194T) C9296T
OM194325	D4b2b2	D4b2b2	D4b2b2	D	D4	exact	13	D4b2b	A12358G
OM194291	D4b2d	D4b2d	D4b2d	D	D4	exact	12	D4b2	T6407C C7816T T13174C C13239T C16287T
OM194336	D4c1b	D4c1b	D4c1b	D	D4	exact	12	D4c1	A856G T16224C C16292T
OM194335	D4c2b	D4c2b	D4c2b	D	D4	exact	12	D4c2	C534T G1462A
OM194227	D4e4	D4e4	D4e4	D	D4	exact	11	D4e	A1935G G14905A
OM194231	D4e5a	D4e5a	D4e5a	D	D4	exact	12	D4e5	T152C! 573.XC A14755G
OM194313	D4f1	D4f1	D4f1	D	D4	exact	11	D4f	G2706A C4538T G8764A T11255C
OM194226	D4h4a	D4h4a	D4h4a	D	D4	exact	12	D4h4	T152C! A644G A3558G G10373A T16311C!
OM194236	D4j5a	D4j5a	D4j5a	D	D4	exact	12	D4j5	A7445c C13086T
OM194315	D4j8	D4j8	D4j8	D	D4	exact	11	D4j	
OM194269	D4l2	D4l2	D4l2	D	D4	exact	11	D4l	
OM194270	D4m	D4m	D4m	D	D4	exact	10	D4	T8762C G12651c
OM194276	D5a2a1+@16172	D5a2a1_C16172T	D5a2a1_C16172T	D	D5	corrected	16	D5a2a1	C16172T
OM194254	D5b	D5b	D5b	D	D5	exact	12	D5a'b	C456T T681C C1048T A5153G A15724G
OM194321	D5b1b	D5b1b	D5b1b	D	D5	exact	14	D5b1	A3759G
JF747026	F1a1	F1a1	F1a1	F	F1	exact	14	F1a1'4	
OM194265	F1a3b	F1a3b	F1a3b	F	F1	exact	14	F1a3	G53A G54c T318C A8718G C13044T
OM194247	F1b1+@152	F1b1_C152T	F1b1_C152T	F	F1	corrected	14	F1b1	C152T
OM194267	F1b1c	F1b1c	F1b1c	F	F1	exact	14	F1b1	T5508C T10235C T12633C! C16311T!!
OM194331	F1b1f	F1b1f	F1b1f	F	F1	exact	15	F1b1c	T10045C
OM194328	F2	F2	F2	F	F2	exact	10	F	T1005C T1824C A7828G T10535C G10586A T12338C G13708A
MF523036	G1a1	G1a1	G1a1	G	G1	exact	11	G1a	A15860G T16325C
MF523061	G1a1	G1a1	G1a1	G	G1	exact	11	G1a	A15860G T16325C
OM194222	G2	G2	G2	G	G2	exact	9	G	C5601T A13563G
OM194332	G2a+152	G2a_T152C	G2a_T152C	G	G2	corrected	12	G2a	T152C
OM194272	G2a1f	G2a1f	G2a1f	G	G2	exact	13	G2a1	
OM194255	G2a2	G2a2	G2a2	G	G2	exact	13	G2a1	T711C C8943T G15110A
OM194258	G2a2	G2a2	G2a2	G	G2	exact	13	G2a1	T711C C8943T G15110A
OM194259	G2a2a	G2a2a	G2a2a	G	G2	exact	14	G2a2	G207A A13395G
OM194295	G2a5	G2a5	G2a5	G	G2	exact	13	G2a1	T4688C G12192A C13383T G14861A A15562G C16234T
OM194284	G2a5	G2a5	G2a5	G	G2	exact	13	G2a1	T4688C G12192A C13383T G14861A A15562G C16234T
OM194264	I	I	I	I	I	exact	13	N1a1b	T10034C G16129A!
OM194303	I1a1	I1a1	I1a1	I	I	exact	16	I1a	G203A C3990T G9947A A9966G! T10915C!
OM194221	J1b	J1b	J1b	JT	J	exact	12	J1	G8269A G16145A (C16222T) C16261T
OM194296	J1b1a1	J1b1a1	J1b1a1	JT	J	exact	15	J1b1a	
MF523065	J1b6	J1b6	J1b6	JT	J	exact	13	J1b	A5501G
MF523154	J1c2o	J1c2o	J1c2o	JT	J	exact	14	J1c2	
JQ797833	J1c3f	J1c3f	J1c3f	JT	J	exact	14	J1c3	T12477C T16063C
KY765533	J1d1a1	J1d1a1	J1d1a1	JT	J	exact	16	J1d1a	T13392C
MF523035	J2b1a2a	J2b1a2a	J2b1a2a	JT	J	exact	16	J2b1a2	C6893T
MF523039	K1a12a	K1a12a	K1a12a	K	K	exact	17	K1a12	A11923G
OM194279	N1a1a1a1	N1a1a1a1	N1a1a1a1	N1	N1	exact	15	N1a1a1a	A2702G! C8164T G9300A
GU290214	N1a1a1a1a	N1a1a1a1a	N1a1a1a1a	N1	N1	exact	16	N1a1a1a1	T6641C T16189C!
OM194230	N1a3a	N1a3a	N1a3a	N1	N1	exact	11	N1a3	
OM194283	N9a1	N9a1	N9a1	N9	N9	exact	10	N9a1'3	T4386C G12007A C16111T
OM194294	N9a2	N9a2	N9a2	N9	N9	exact	10	N9a2'4'5'11	T961C T15067C
OM194237	N9a3	N9a3	N9a3	N9	N9	exact	10	N9a1'3	A4129G T12354C A12612G
OM194288	R0a	R0a	R0a	R*	R	exact	10	R0a'b	T3847C C13188T T16126C
OM194286	R1a1a	R1a1a	R1a1a	R*	R1	exact	11	R1a1	A5378G
OM194280	R9b2	R9b2	R9b2	R9	R9b	exact	10	R9b	G3666A A6647G A8724G T11299C C11422T T13191C A13722G G15314A G15883A T16362C
MF523021	T1a1	T1a1	T1a1	JT	T	exact	14	T1a1'3	T9899C
MF523024	T1a1	T1a1	T1a1	JT	T	exact	14	T1a1'3	T9899C
MF523053	T1a1	T1a1	T1a1	JT	T	exact	14	T1a1'3	T9899C
OM194271	T1a1	T1a1	T1a1	JT	T	exact	14	T1a1'3	T9899C
OM194224	T1a1d	T1a1d	T1a1d	JT	T	exact	15	T1a1	T593C C13132T C13785T
MF523056	T2a1a	T2a1a	T2a1a	JT	T	exact	14	T2a1	T2850C T7022C
MF523057	T2a1a	T2a1a	T2a1a	JT	T	exact	14	T2a1	T2850C T7022C
OM194310	T2a3	T2a3	T2a3	JT	T	exact	14	T2a1	G4464A
OM194308	T2b	T2b	T2b	JT	T	exact	12	T2	G930A G5147A T16304C
OM194299	T2b4h	T2b4h	T2b4h	JT	T	exact	15	T2b4i	
MF523055	T2d2	T2d2	T2d2	JT	T	exact	13	T2d	G5471A C6445T T12408C G14323A A14605G
OM194245	U2c	U2c	U2c	U	U	exact	13	U2c'd	C5790a T14935C A15061G
OM194234	U2e	U2e	U2e	U	U	exact	12	U2b	A508G A3720G A5390G T5426C C6045T T6152C A10876G T13020C T13734C A15907G G16129c T16189C! T16362C
MF523051	U2e1	U2e1	U2e1	U	U	exact	14	U2e1'2'3	
OM194233	U4b1a1a1	U4b1a1a1	U4b1a1a1	U	U	exact	17	U4b1a1a	A8642G T16362C
OM194289	U4d2	U4d2	U4d2	U	U	exact	13	U4d	T5567C C10692T C11326T G11518A A13105G! T16189C!
OM194253	U5a1a1	U5a1a1	U5a1a1	U	U	exact	14	U5a1a	T5495C A15924G
OM194246	U5a1b1	U5a1b1	U5a1b1	U	U	exact	14	U5a1b	
OM194323	U5a1g	U5a1g	U5a1g	U	U	exact	13	U5a1	C7792T
OM194330	U5a2	U5a2	U5a2	U	U	exact	12	U5a	
MF523037	U5a2a1	U5a2a1	U5a2a1	U	U	exact	14	U5a2a	A13827G G13928c
OM194317	U5b1e1	U5b1e1	U5b1e1	U	U	exact	16	U5b1e	A2757G A10283G T12616C
OM194228	U5b1e1	U5b1e1	U5b1e1	U	U	exact	16	U5b1e	A2757G A10283G T12616C
KY824938	U7a	U7a	U7a	U	U	exact	11	U7	
OM194327	V14	V14	V14	HV	V	exact	13	V	T8843C
OM194252	W3a1	W3a1	W3a1	N2	W	exact	12	W3a	A13263G
MF523028	W3b	W3b	W3b	N2	W	exact	11	W3	T199C G12923t
MF523048	W3b	W3b	W3b	N2	W	exact	11	W3	T199C G12923t
OM194248	W6	W6	W6	N2	W	exact	10	W1	A4093G T8614C (C16192T) T16325C
OM194307	X2i	X2i	X2i	X	X	exact	10	X2	
OM194334	Z1a	Z1a	Z1a	Z	Z	exact	11	Z1	C151T G10325A G16129A! T16224C
OM194333	Z1a	Z1a	Z1a	Z	Z	exact	11	Z1	C151T G10325A G16129A! T16224C
OM194277	Z3	Z3	Z3	Z	Z	exact	10	Z	T10208C
OM194278	Z4a	Z4a	Z4a	Z	Z	exact	11	Z4	
OM194297	H	H	H	HV	H	exact	10	HV	G2706A T7028C
MF523031	H	H	H	HV	H	exact	10	HV	G2706A T7028C
OM194239	H	H	H	HV	H	exact	10	HV	G2706A T7028C
OM194220	H	H	H	HV	H	exact	10	HV	G2706A T7028C
OM194244	H10e	H10e	H10e	HV	H	exact	13	H10d	
OM194287	H13	H13	H13	HV	H	exact	11	H	C14872T
MF523040	H16+152	H16_T152C!	H16_T152C!	HV	H	corrected	12	H16	T152C!
OM194301	H1a3	H1a3	H1a3	HV	H	exact	13	H1a	
OM194309	H1ba	H1ba	H1ba	HV	H	exact	12	H1	
OM194285	H20c	H20c	H20c	HV	H	exact	12	H20	T7334C
OM194320	H2a	H2a	H2a	HV	H	exact	12	H2	G4769A
MF523033	H2a1a	H2a1a	H2a1a	HV	H	exact	14	H2a1	C6173T T13095C
MF523060	H2a1f	H2a1f	H2a1f	HV	H	exact	14	H2a1	
MF523062	H2a1f	H2a1f	H2a1f	HV	H	exact	14	H2a1	
OM194229	H2a2a	H2a2a	H2a2a	HV	H	exact	14	H2a2	G8860A G15326A
OM194312	H2a2a1	H2a2a1	H2a2a1	HV	H	exact	15	H2a2a	
MF523049	H2b	H2b	H2b	HV	H	exact	13	H2a	T8598C
OM194232	H3g3	H3g3	H3g3	HV	H	exact	13	H3g	G9196A
MF523047	H41a	H41a	H41a	HV	H	exact	12	H41	C262T G5460A T10124C A14118G
OM194329	H44b	H44b	H44b	HV	H	exact	12	H44	T195C! C13662T
OM194250	H55+153	H55_A153G	H55_A153G	HV	H	corrected	12	H55	A153G
MF523066	H5a1	H5a1	H5a1	HV	H	exact	14	H5a	C15833T
MF523058	H5e1	H5e1	H5e1	HV	H	exact	14	H5e	A8343G G12771A
MF523025	H6a1b	H6a1b	H6a1b	HV	H	exact	14	H6a1	G10589A
MF523054	H6b2	H6b2	H6b2	HV	H	exact	13	H6b	
OM194241	H79	H79	H79	HV	H	exact	11	H	A12397G
OM194242	H8+(114)+152	H8_C114T_T152C!	H8_C114T_T152C!	HV	H	corrected	15	H8_C114T	C114T T152C!
OM194298	H8b1	H8b1	H8b1	HV	H	exact	16	H8b	A7765G
OM194319	HV	HV	HV	R*	R	exact	9	R0	T14766C
OM194281	HV	HV	HV	R*	R	exact	9	R0	T14766C
MF523067	HV+16311	HV_T16311C!	HV_T16311C!	R*	R	corrected	10	HV	T16311C!
OM194266	HV+16311	HV_T16311C!	HV_T16311C!	R*	R	corrected	10	HV	T16311C!
OM194225	HV14a	HV14a	HV14a	R*	R	exact	12	HV14	G4655A
MF523043	HV18	HV18	HV18	R*	R	exact	10	HV	G9039A T16189C!
OM194306	HV1b	HV1b	HV1b	R*	R	exact	12	HV1a'b'c	T12696C
MF523156	HV2	HV2	HV2	R*	R	exact	11	HV1	
OM194275	HV2a3	HV2a3	HV2a3	R*	R	exact	13	HV2a	C739T T1005C
OM194292	HV2a3	HV2a3	HV2a3	R*	R	exact	13	HV2a	C739T T1005C
OM194257	N	N	N	N*	N	exact	6	L3	G8701A C9540T G10398A C10873T A15301G!
OM194261	R	R	R	R*	R	exact	7	N	T12705C T16223C
OM194273	R	R	R	R*	R	exact	7	N	T12705C T16223C
MF523029	T2	T2	T2	JT	T	exact	11	T	A11812G A14233G (C16296T)
OM194251	T2	T2	T2	JT	T	exact	11	T	A11812G A14233G (C16296T)
SCsq0063	D4a1a1	D4a1a1	D4a1a1	D	D4	exact	13	D4a1a	G15314A
SCsq0089	D4a1a1	D4a1a1	D4a1a1	D	D4	exact	13	D4a1a	G15314A
SCsq0097	D4a1a1	D4a1a1	D4a1a1	D	D4	exact	13	D4a1a	G15314A
NA18995	D4a1a1	D4a1a1	D4a1a1	D	D4	exact	13	D4a1a	G15314A
SCsq0009	D4a1a1a	D4a1a1a	D4a1a1a	D	D4	exact	14	D4a1a1	A15757G
SCsq0047	D4a1b	D4a1b	D4a1b	D	D4	exact	12	D4a1	A13651G
SCsq0055	D4a1b	D4a1b	D4a1b	D	D4	exact	12	D4a1	A13651G
SCsq0101	D4a1b	D4a1b	D4a1b	D	D4	exact	12	D4a1	A13651G
SCsq0103	D4a1b1	D4a1b1	D4a1b1	D	D4	exact	13	D4a1b	
NA18992	D4a1c	D4a1c	D4a1c	D	D4	exact	12	D4a1	A7822G
KF540741	D4a1e	D4a1e	D4a1e	D	D4	exact	12	D4a1	A7364G C16256T
HGDP00818	D4a1e	D4a1e	D4a1e	D	D4	exact	12	D4a1	A7364G C16256T
SCsq0053	D4a1e1	D4a1e1	D4a1e1	D	D4	exact	13	D4a1e	T8614C A9254G
KU683124	D4a1e1	D4a1e1	D4a1e1	D	D4	exact	13	D4a1e	T8614C A9254G
KU683131	D4a1e1	D4a1e1	D4a1e1	D	D4	exact	13	D4a1e	T8614C A9254G
SCsq0077	D4a1f	D4a1f	D4a1f	D	D4	exact	12	D4a1	T4313C
SCsq0003	D4a2b	D4a2b	D4a2b	D	D4	exact	12	D4a2	G6285A
NA18981	D4a3b	D4a3b	D4a3b	D	D4	exact	12	D4a3	G7912A
KF540735	D4a3b2	D4a3b2	D4a3b2	D	D4	exact	13	D4a3b	T1520C A13834G T16311C!
HG00613	D4a3b2	D4a3b2	D4a3b2	D	D4	exact	13	D4a3b	T1520C A13834G T16311C!
HGDP00811	D4a3b2	D4a3b2	D4a3b2	D	D4	exact	13	D4a3b	T1520C A13834G T16311C!
HGDP00828	D4b1b1a1	D4b1b1a1	D4b1b1a1	D	D4	exact	16	D4b1b1a	A12172G
HG00662	D4b1b2	D4b1b2	D4b1b2	D	D4	exact	14	D4b1b	8281-8289d G14560c
SCsq0061	D4b2a2a1	D4b2a2a1	D4b2a2a1	D	D4	exact	15	D4b2a2a	
NA18998	D4b2a2b	D4b2a2b	D4b2a2b	D	D4	exact	14	D4b2a2	C6005T
HG00766	D4b2b	D4b2b	D4b2b	D	D4	exact	12	D4b2	(C194T) C9296T
KU683532	D4b2b1	D4b2b1	D4b2b1	D	D4	exact	13	D4b2b	A14605G
SCsq0006	D4b2b1+146	D4b2b1_T146C!	D4b2b1_T146C!	D	D4	corrected	15	D4b2b1c	T146C!
KU683438	D4c1	D4c1	D4c1	D	D4	exact	11	D4c	C2766T T16223C
NA18983	D4c1a	D4c1a	D4c1a	D	D4	exact	12	D4c1	191.1A C194T T199C G207A G3391A G9755A
MF522890	D4c1a1	D4c1a1	D4c1a1	D	D4	exact	13	D4c1a	G9477A
MF522995	D4c2a	D4c2a	D4c2a	D	D4	exact	12	D4c2	T4233C C15391a T16311C! T16368C
HGDP01220	D4c2b	D4c2b	D4c2b	D	D4	exact	12	D4c2	C534T G1462A
KT725924	D4e1a	D4e1a	D4e1a	D	D4	exact	13	D4e1	G94A T5964C T14470C A15924G
SCsq0034	D4e2	D4e2	D4e2	D	D4	exact	11	D4e	A15874G
KF056277	D4j13	D4j13	D4j13	D	D4	exact	12	D4j5	T485C G4655A T5075C
KU683424	D4j13	D4j13	D4j13	D	D4	exact	12	D4j5	T485C G4655A T5075C
KT725936	D4j15	D4j15	D4j15	D	D4	exact	11	D4j	C15529a
KU683266	D4j1a1	D4j1a1	D4j1a1	D	D4	exact	13	D4j1a	T7581C C15295T
HG01794	F1a	F1a	F1a	F	F1	exact	12	F1a'c'f	C4086T T16172C
KU683108	F1a	F1a	F1a	F	F1	exact	12	F1a'c'f	C4086T T16172C
HG02406	F1a1	F1a1	F1a1	F	F1	exact	14	F1a1'4	
KF541006	F1a1d1	F1a1d1	F1a1d1	F	F1	exact	16	F1a1d	A10042G G14305A
FJ748725	F1a2	F1a2	F1a2	F	F1	exact	13	F1a	T10034C A16129G!!
HG01801	F1a2a	F1a2a	F1a2a	F	F1	exact	14	F1a2	
HGDP01186	F1b1c	F1b1c	F1b1c	F	F1	exact	14	F1b1	T5508C T10235C T12633C! C16311T!!
MF522947	F1b1e	F1b1e	F1b1e	F	F1	exact	15	F1b1c	G1709t T8104C
SCsq0078	F1c	F1c	F1c	F	F1	exact	12	F1a'c'f	G709A T10454C
HG00472	F1c1a1b	F1c1a1b	F1c1a1b	F	F1	exact	16	F1c1a1	T8772C
KU683306	G2a+152	G2a_T152C	G2a_T152C	G	G2	corrected	12	G2a	T152C
KT725964	G2a1	G2a1	G2a1	G	G2	exact	12	G2a	T14200C
KT726109	G2a1+16189	G2a1_T16189C!	G2a1_T16189C!	G	G2	corrected	14	G2a1b	T16189C!
NA19062	G2a1b	G2a1b	G2a1b	G	G2	exact	13	G2a1	T146C! G207A T8063C G9266A A12753G A15758G
MF523149	U3	U3	U3	U	U	exact	10	U2'3'4'7'8'9	C150T A14139G T15454C A16343G
KU682883	U3b2a1	U3b2a1	U3b2a1	U	U	exact	14	U3b2a	G8950A
KU683105	U3b3	U3b3	U3b3	U	U	exact	12	U3b	
MF522903	U4a1	U4a1	U4a1	U	U	exact	13	U4a	T152C! A12937G C16134T
KU683072	U7	U7	U7	U	U	exact	10	U2'3'4'7'8'9	T152C! T980C C3741T C5360T C8137T C8684T C10142T T13500C G14569A (A16309G) A16318t
KU683221	Z1a1b	Z1a1b	Z1a1b	Z	Z	exact	13	Z1a1	G7521A! G8251A
KU683352	Z3	Z3	Z3	Z	Z	exact	10	Z	T10208C
KT725948	Z3b	Z3b	Z3b	Z	Z	exact	11	Z3	T146C! G9055A G12501A
NA19072	Z3c	Z3c	Z3c	Z	Z	exact	12	Z3b	G4853A
HGDP01230	Z3d	Z3d	Z3d	Z	Z	exact	12	Z3b	C11782T
KU683342	Z4a	Z4a	Z4a	Z	Z	exact	11	Z4	
NA18942	Z4a1a1	Z4a1a1	Z4a1a1	Z	Z	exact	14	Z4a1a	A3520G T7270C T8654C A11719G C16193d C16294T
KT726042	Z7	Z7	Z7	Z	Z	exact	10	Z	T2352C C2780T T4363C G4841A C7471d A8348G T8598C G10653A
FJ748751	Z7	Z7	Z7	Z	Z	exact	10	Z	T2352C C2780T T4363C G4841A C7471d A8348G T8598C G10653A
MT554227	X2+225	X2_G225A	X2_G225A	X	X	corrected	10	X2	G225A
MF522959	X2i	X2i	X2i	X	X	exact	10	X2	
KF540727	Y1	Y1	Y1	N9	Y	exact	9	Y	T146C! G3834A (C16266T)
KT726015	Y1a	Y1a	Y1a	N9	Y	exact	10	Y1	A7933G
HGDP01024	Y1a	Y1a	Y1a	N9	Y	exact	10	Y1	A7933G
KU683154	Y1a1	Y1a1	Y1a1	N9	Y	exact	11	Y1a	T12732C
MG952858	C4a1a+195	C4a1a1_T195C!	C4a1a1_T195C!	C	C	corrected	16	C4a1a1	T195C!
KX358478	C4a1a+195	C4a1a1_T195C!	C4a1a1_T195C!	C	C	corrected	16	C4a1a1	T195C!
KX358483	C4a1a+195	C4a1a1_T195C!	C4a1a1_T195C!	C	C	corrected	16	C4a1a1	T195C!
KX358484	C4a1a+195	C4a1a1_T195C!	C4a1a1_T195C!	C	C	corrected	16	C4a1a1	T195C!
KX358499	C4a1a+195	C4a1a1_T195C!	C4a1a1_T195C!	C	C	corrected	16	C4a1a1	T195C!
KF163042	C4a1a1	C4a1a1	C4a1a1	C	C	exact	15	C4a1a	2232.2A A8508G
KX358497	C4a1a3	C4a1a3	C4a1a3	C	C	exact	16	C4a1a1	A15607G
KX358507	C4a1a3	C4a1a3	C4a1a3	C	C	exact	16	C4a1a1	A15607G
KX358471	C4a1a3b	C4a1a3b	C4a1a3b	C	C	exact	17	C4a1a3	A12397G
MG952875	H15a1	H15a1	H15a1	HV	H	exact	13	H15a	C14953T
JX153464	H15a1	H15a1	H15a1	HV	H	exact	13	H15a	C14953T
MG646275	H15a1a1	H15a1a1	H15a1a1	HV	H	exact	15	H15a1a	
KF162889	H15b	H15b	H15b	HV	H	exact	12	H15	T3847C
MN687123	H15b1	H15b1	H15b1	HV	H	exact	13	H15b	A15715G
FJ384437	H15b1	H15b1	H15b1	HV	H	exact	13	H15b	A15715G
FJ384438	H15b1	H15b1	H15b1	HV	H	exact	13	H15b	A15715G
JX153480	H13a1a	H13a1a	H13a1a	HV	H	exact	14	H13a1	C13680T
KY409138	H13a1a1	H13a1a1	H13a1a1	HV	H	exact	15	H13a1a	G7337A T13326C
KY409444	H13a1a1	H13a1a1	H13a1a1	HV	H	exact	15	H13a1a	G7337A T13326C
KY409705	H13a1a1	H13a1a1	H13a1a1	HV	H	exact	15	H13a1a	G7337A T13326C
KY409753	H13a1a1	H13a1a1	H13a1a1	HV	H	exact	15	H13a1a	G7337A T13326C
KY410044	H13a1a1	H13a1a1	H13a1a1	HV	H	exact	15	H13a1a	G7337A T13326C
KY409771	H13a1a1	H13a1a1	H13a1a1	HV	H	exact	15	H13a1a	G7337A T13326C
KY409284	H13a1a1	H13a1a1	H13a1a1	HV	H	exact	15	H13a1a	G7337A T13326C
KY409925	H13a1a1	H13a1a1	H13a1a1	HV	H	exact	15	H13a1a	G7337A T13326C
HM852889	H13a1a1	H13a1a1	H13a1a1	HV	H	exact	15	H13a1a	G7337A T13326C
HGDP01164	H13a1a1	H13a1a1	H13a1a1	HV	H	exact	15	H13a1a	G7337A T13326C
MG423619	H13a1a1	H13a1a1	H13a1a1	HV	H	exact	15	H13a1a	G7337A T13326C
KF162893	H13a1a1a	H13a1a1a	H13a1a1a	HV	H	exact	16	H13a1a1	G14831A
KF162982	H13a1a1a	H13a1a1a	H13a1a1a	HV	H	exact	16	H13a1a1	G14831A
JX153624	H13a1a1d	H13a1a1d	H13a1a1d	HV	H	exact	16	H13a1a1	G709A A8842G C16261T T16311C!
KY409253	U2e1	U2e1	U2e1	U	U	exact	14	U2e1'2'3	
KJ856827	U2e1	U2e1	U2e1	U	U	exact	14	U2e1'2'3	
KY409489	U2e1'2'3	U2e1'2'3	U2e1'2'3	U	U	exact	13	U2e	
KY408321	U2e1'2'3	U2e1'2'3	U2e1'2'3	U	U	exact	13	U2e	
KY408474	U2e1'2'3	U2e1'2'3	U2e1'2'3	U	U	exact	13	U2e	
KY408492	U2e1'2'3	U2e1'2'3	U2e1'2'3	U	U	exact	13	U2e	
KY408529	U2e1'2'3	U2e1'2'3	U2e1'2'3	U	U	exact	13	U2e	
KY408555	U2e1'2'3	U2e1'2'3	U2e1'2'3	U	U	exact	13	U2e	
KY408578	U2e1'2'3	U2e1'2'3	U2e1'2'3	U	U	exact	13	U2e	
KY408630	U2e1'2'3	U2e1'2'3	U2e1'2'3	U	U	exact	13	U2e	
KY408634	U2e1'2'3	U2e1'2'3	U2e1'2'3	U	U	exact	13	U2e	
KJ856697	U2e1a1	U2e1a1	U2e1a1	U	U	exact	16	U2e1a	C3116T
KJ856736	U2e1a1	U2e1a1	U2e1a1	U	U	exact	16	U2e1a	C3116T
KF606970	U2e1a1	U2e1a1	U2e1a1	U	U	exact	16	U2e1a	C3116T
KJ856677	U2e1a1	U2e1a1	U2e1a1	U	U	exact	16	U2e1a	C3116T
KJ856694	U2e1a1	U2e1a1	U2e1a1	U	U	exact	16	U2e1a	C3116T
KJ856834	U2e1a1	U2e1a1	U2e1a1	U	U	exact	16	U2e1a	C3116T
KJ856821	U2e1a1c	U2e1a1c	U2e1a1c	U	U	exact	17	U2e1a1	A10127G
KY409282	U2e1b1	U2e1b1	U2e1b1	U	U	exact	16	U2e1b	C7109T T15784C C16362T!
KY409356	U2e1b1	U2e1b1	U2e1b1	U	U	exact	16	U2e1b	C7109T T15784C C16362T!
KT698031	U2e1b1	U2e1b1	U2e1b1	U	U	exact	16	U2e1b	C7109T T15784C C16362T!
KJ856798	U2e1b1	U2e1b1	U2e1b1	U	U	exact	16	U2e1b	C7109T T15784C C16362T!
KJ856812	U2e1b1	U2e1b1	U2e1b1	U	U	exact	16	U2e1b	C7109T T15784C C16362T!
KJ856817	U2e1b1	U2e1b1	U2e1b1	U	U	exact	16	U2e1b	C7109T T15784C C16362T!
KJ856725	U2e1b1	U2e1b1	U2e1b1	U	U	exact	16	U2e1b	C7109T T15784C C16362T!
KJ856731	U2e1b1	U2e1b1	U2e1b1	U	U	exact	16	U2e1b	C7109T T15784C C16362T!
KJ856833	U2e1b1	U2e1b1	U2e1b1	U	U	exact	16	U2e1b	C7109T T15784C C16362T!
KX358473	C4a1	C4a1	C4a1	C	C	exact	13	C4a	T7999C (T16093C) (G16129A!)
KX358486	C4a1a3c	C4a1a3c	C4a1a3c	C	C	exact	17	C4a1a3	A3796G
KX456818	M	M	M	M*	M	exact	6	L3	T489C C10400T T14783C G15043A
MH448947	M10	M10	M10	M*	M10	exact	7	M	573.XC G709A C4140T T8793C C12549T A13152G T14502C C15040T T15071C T16311C!
JX289127	M10a	M10a	M10a	M*	M10	exact	8	M10	3172.1C A7250G G8856A G10646A
MG272899	M10a1	M10a1	M10a1	M*	M10	exact	9	M10a	A15218G
KX456623	M10a1a	M10a1a	M10a1a	M*	M10	exact	10	M10a1	G13135A
HG02024	M10a1a1b1	M10a1a1b1	M10a1a1b1	M*	M10	exact	13	M10a1a1b	A10529G A16129G!!
MH449097	M11a2	M11a2	M11a2	M*	M11	exact	10	M11a	
MG272629	M12	M12	M12	M*	M12	exact	8	M12'G	C4170T T5580C A12030G G12372A T14727C A15010G C16234T C16290T
KT587623	M1'20'51	M1'20'51	M1'20'51	M*	M	exact	7	M	T14110C
MG272774	M12a1a	M12a1a	M12a1a	M*	M12	exact	11	M12a1	A15463G C15651T
HG02142	M12a1a1	M12a1a1	M12a1a1	M*	M12	exact	12	M12a1a	G513A C9490T T16362C
PP654775	M12a1b	M12a1b	M12a1b	M*	M12	exact	11	M12a1	C318T! T5492C T11353C T16172C
MG272620	M12a2	M12a2	M12a2	M*	M12	exact	10	M12a	
KX456826	M12b	M12b	M12b	M*	M12	exact	9	M12	A11359G G16129A! T16172C
KX457605	M12b1a	M12b1a	M12b1a	M*	M12	exact	11	M12b1	A1331G A15236G A15951G
KT587436	M12b1a2	M12b1a2	M12b1a2	M*	M12	exact	12	M12b1a	T11260C G16319A
KC505070	M12b1a2a	M12b1a2a	M12b1a2a	M*	M12	exact	13	M12b1a2	G1331A! T8749C
KT587573	M12b1b	M12b1b	M12b1b	M*	M12	exact	11	M12b1	G185A A189G C3897T C5336T G14869A C16108T
PP654592	M12b2a	M12b2a	M12b2a	M*	M12	exact	11	M12b2	C151T A9604G T16311C!
HGDP01317	M13	M13	M13	M*	M13	exact	8	M13'46'61	G6023A
MG272871	M13a2	M13a2	M13a2	M*	M13	exact	11	M13a	G513A A8405G G10373A C16168T C16257T T16311C!
KT587507	M13b1	M13b1	M13b1	M*	M13	exact	11	M13b	G709A G10172A T16263C
KT587540	M13c	M13c	M13c	M*	M13	exact	9	M13	G3666A G5910A T11944C T16381C G16390A
GQ301869	M17a	M17a	M17a	M*	M17	exact	8	M17	A862G T10324C G11016A A11908G A12711G T12804C T15530C A15802G G16129A! T16325C
KX456499	M17c	M17c	M17c	M*	M17	exact	8	M17	G1598A
KX457440	M17c1a	M17c1a	M17c1a	M*	M17	exact	10	M17c1	A13651G
KT587536	M17c1a1	M17c1a1	M17c1a1	M*	M17	exact	11	M17c1a	C15853T A16233G G16274A
JX289108	M18c	M18c	M18c	M*	M18	exact	10	M18	G7853A G8206A T16311C!
PP654617	M19	M19	M19	M*	M	exact	8	M19'53	
KT587451	M20	M20	M20	M*	M20	exact	8	M1'20'51	T152C! A249d G316A T3200C A3714G A4385t T4772C C7433T A8853G A9127G C9512T T10274C A10679G G11914A! T12354C C14974T A15691G G16129A! T16209C A16272G
GU733805	M21a	M21a	M21a	M*	M21	exact	8	M21	G709A A3796G C10202T T11287C G11611A A15924G G16129A! C16256T T16271C T16362C
KT587516	M21b	M21b	M21b	M*	M21	exact	8	M21	G3915A T5108C T7861C
KT587574	M21b+210	M21b_A210G	M21b_A210G	M*	M21	corrected	9	M21b	A210G
KC505091	M21b1	M21b1	M21b1	M*	M21	exact	9	M21b	T9116C G12940A
GQ301866	M21b2	M21b2	M21b2	M*	M21	exact	10	M21b1	G709A (C965d) G1598A A1763G T2080C A3663G C3819T C6231T C8509T A15236G G16145A A16181G T16304C
GQ301878	M22a	M22a	M22a	M*	M22	exact	8	M22	T6071C T9316C C16290T
KT587559	M23	M23	M23	M*	M	exact	8	M23'75	T152C! T195C! T204C G417A A533G G2706A A8360G G9438A A9545G C10142T A10295G T11569C T11899C G12618A C15025T T16263C T16311C!
KT587561	M23'75	M23'75	M23'75	M*	M	exact	7	M	A12279G
HGDP00711	M24a	M24a	M24a	M*	M24	exact	9	M24	T152C! T7040C T16311C!
KT587583	M24b	M24b	M24b	M*	M24	exact	9	M24	G2140A T10101C G12651A T13812C T16086C
KT587596	M26	M26	M26	M*	M	exact	7	M	T152C! A5656G T9899C C11428T A11521G A12190G G13708A C13932T T14218C T14311C T15109C C15263T C16214a C16256T C16278T!
MG272665	M2a1a	M2a1a	M2a1a	M*	M	exact	11	M2a1	
KX456472	M2c	M2c	M2c	M*	M	exact	8	M2	G1598A T4216C C13212T C14800T
MG272917	M30	M30	M30	M*	M30	exact	8	M3	T195a G15431A
KP346045	M30c1	M30c1	M30c1	M*	M30	exact	10	M30c	
PV067311	M31a	M31a	M31a	M*	M	exact	8	M31	2156.1A T3999C C12876T
JX289104	M33a3a	M33a3a	M33a3a	M*	M33	exact	11	M33a3	G11914A! G12236A T16136C
KP345999	M33b	M33b	M33b	M*	M33	exact	9	M33a	G676A G1719A A3221G T6293C T16324C
KP346002	M33b1	M33b1	M33b1	M*	M33	exact	10	M33b	C4814T (T6092C) T10724C C16259T
KX457596	M33c	M33c	M33c	M*	M33	exact	9	M33a	G3316A A4079G A5894G T8227C T8848C C16111T
JX289117	M34a1a	M34a1a	M34a1a	M*	M	exact	11	M34a1	A3447G T12311C
PV067313	M35b1	M35b1	M35b1	M*	M	exact	9	M35b	T204C A4234t T13500C
KP346036	M35b4	M35b4	M35b4	M*	M	exact	9	M35b	T7961C C10565T G11887A
KP345978	M38	M38	M38	M*	M38	exact	9	M18'38	C4099T G15314A A15487G
KP346048	M38a	M38a	M38a	M*	M38	exact	10	M38	A189G A1808G G6267A G6899A G9966A
KX456918	M3a1+204	M3a1_T204C	M3a1_T204C	M*	M	corrected	10	M3a1	T204C
KP345980	M3c	M3c	M3c	M*	M3c	exact	8	M3	G9064A
KP346021	M3c+152	M3c_T152C!	M3c_T152C!	M*	M3c	corrected	9	M3c	T152C!
KC887464	M3d1a	M3d1a	M3d1a	M*	M	exact	10	M3d1	C12813T
MG272842	M40a1	M40a1	M40a1	M*	M	exact	9	M40a	
JX289107	M43+16311	M43_T16311C!	M43_T16311C!	M*	M	corrected	9	M43	T16311C!
KX457348	M45	M45	M45	M*	M	exact	8	M3	T146C! A4734G T16189C!
MG272916	M45a	M45a	M45a	M*	M	exact	9	M45	G143A T152C! G2706A A7049G A9180G A16300G
KT587362	M46	M46	M46	M*	M13	exact	9	M13	T146C! C3588T
KP346011	M4'67	M4'67	M4'67	M*	M	exact	7	M	G12007A
PV067362	M46a	M46a	M46a	M*	M13	exact	10	M46	G1393A C4394T G6032A A7828G G8886A A9115G A10130G C11008T C11151T A13434G C16278T! A16300G A16343t
KX457150	M49e1	M49e1	M49e1	M*	M49	exact	9	M49e	T6515C
KX457096	M4a	M4a	M4a	M*	M	exact	10	M4	
JX289120	M74b1	M74b1	M74b1	M*	M74	exact	10	M74b	T195C! G8155A G8616A A15226G A16246t
KT587352	M74b2	M74b2	M74b2	M*	M74	exact	10	M74b	G6755A C6884T G7775A A8251G! G10993A G12007A
MH448953	M74a	M74a	M74a	M*	M74	exact	9	M74	T63C C64T G66A T6185C A6575G A12850G T16381C
KT587489	M74b	M74b	M74b	M*	M74	exact	9	M74	C8080a T8167C G12651A T15908C
KT587509	M75	M75	M75	M*	M75	exact	8	M23'75	T146C! C150T G3316A C3453T G5147A C7313T A7765G T14110C T15109C T16068C T16189C!
KT587482	M76	M76	M76	M*	M76	exact	7	M	G513A T3753C G7521A! G10325A G12406A C14341T T16189C! T16223C A16293c T16362C
KX456534	M76a	M76a	M76a	M*	M76	exact	8	M76	T146C! A234G G1709A G3438A A7353G G7793t A8470G G9055A T11009C C12603T C15547T T16325C
GQ301865	M77	M77	M77	M*	M	exact	8	M55'77	
PP654798	M79	M79	M79	M*	M	exact	8	M73'79	
MG272692	M7b	M7b	M7b	M7	M7	exact	9	M7b'c	C12405T
KT587597	M7b1a1	M7b1a1	M7b1a1	M7	M7	exact	12	M7b1a	C150T T12811C
KX457629	M74b	M74b	M74b	M*	M74	exact	9	M74	C8080a T8167C G12651A T15908C
KX457640	M74b	M74b	M74b	M*	M74	exact	9	M74	C8080a T8167C G12651A T15908C
MT419358	M74b	M74b	M74b	M*	M74	exact	9	M74	C8080a T8167C G12651A T15908C
MT419101	M74b	M74b	M74b	M*	M74	exact	9	M74	C8080a T8167C G12651A T15908C
MT419105	M74b	M74b	M74b	M*	M74	exact	9	M74	C8080a T8167C G12651A T15908C
MT419107	M74b	M74b	M74b	M*	M74	exact	9	M74	C8080a T8167C G12651A T15908C
MT419121	M74b	M74b	M74b	M*	M74	exact	9	M74	C8080a T8167C G12651A T15908C
MT419123	M74b	M74b	M74b	M*	M74	exact	9	M74	C8080a T8167C G12651A T15908C
MT419292	M74b	M74b	M74b	M*	M74	exact	9	M74	C8080a T8167C G12651A T15908C
KX457003	M74b	M74b	M74b	M*	M74	exact	9	M74	C8080a T8167C G12651A T15908C
KX457016	M74b	M74b	M74b	M*	M74	exact	9	M74	C8080a T8167C G12651A T15908C
KX457018	M74b	M74b	M74b	M*	M74	exact	9	M74	C8080a T8167C G12651A T15908C
KX457158	M74b	M74b	M74b	M*	M74	exact	9	M74	C8080a T8167C G12651A T15908C
MH449381	M74b	M74b	M74b	M*	M74	exact	9	M74	C8080a T8167C G12651A T15908C
MH449508	M74b1	M74b1	M74b1	M*	M74	exact	10	M74b	T195C! G8155A G8616A A15226G A16246t
GU733719	M74b1	M74b1	M74b1	M*	M74	exact	10	M74b	T195C! G8155A G8616A A15226G A16246t
GU733734	M74b1	M74b1	M74b1	M*	M74	exact	10	M74b	T195C! G8155A G8616A A15226G A16246t
KX457317	M74b1	M74b1	M74b1	M*	M74	exact	10	M74b	T195C! G8155A G8616A A15226G A16246t
KX457328	M74b1	M74b1	M74b1	M*	M74	exact	10	M74b	T195C! G8155A G8616A A15226G A16246t
KX457217	M74b1	M74b1	M74b1	M*	M74	exact	10	M74b	T195C! G8155A G8616A A15226G A16246t
KX457556	M74b1	M74b1	M74b1	M*	M74	exact	10	M74b	T195C! G8155A G8616A A15226G A16246t
KT587562	M74b2	M74b2	M74b2	M*	M74	exact	10	M74b	G6755A C6884T G7775A A8251G! G10993A G12007A
KT587581	M74b2	M74b2	M74b2	M*	M74	exact	10	M74b	G6755A C6884T G7775A A8251G! G10993A G12007A
PP654672	M74b2	M74b2	M74b2	M*	M74	exact	10	M74b	G6755A C6884T G7775A A8251G! G10993A G12007A
PP654675	M74b2	M74b2	M74b2	M*	M74	exact	10	M74b	G6755A C6884T G7775A A8251G! G10993A G12007A
MG272755	M75	M75	M75	M*	M75	exact	8	M23'75	T146C! C150T G3316A C3453T G5147A C7313T A7765G T14110C T15109C T16068C T16189C!
KX456860	M75	M75	M75	M*	M75	exact	8	M23'75	T146C! C150T G3316A C3453T G5147A C7313T A7765G T14110C T15109C T16068C T16189C!
MG273084	M75	M75	M75	M*	M75	exact	8	M23'75	T146C! C150T G3316A C3453T G5147A C7313T A7765G T14110C T15109C T16068C T16189C!
KT587487	M76	M76	M76	M*	M76	exact	7	M	G513A T3753C G7521A! G10325A G12406A C14341T T16189C! T16223C A16293c T16362C
KT587491	M76	M76	M76	M*	M76	exact	7	M	G513A T3753C G7521A! G10325A G12406A C14341T T16189C! T16223C A16293c T16362C
KT587492	M76	M76	M76	M*	M76	exact	7	M	G513A T3753C G7521A! G10325A G12406A C14341T T16189C! T16223C A16293c T16362C
KP345988	M45	M45	M45	M*	M	exact	8	M3	T146C! A4734G T16189C!
KX457122	M45a	M45a	M45a	M*	M	exact	9	M45	G143A T152C! G2706A A7049G A9180G A16300G
KX457139	M45a	M45a	M45a	M*	M	exact	9	M45	G143A T152C! G2706A A7049G A9180G A16300G
KT587526	M46	M46	M46	M*	M13	exact	9	M13	T146C! C3588T
KT587629	M46	M46	M46	M*	M13	exact	9	M13	T146C! C3588T
PV067377	M46a	M46a	M46a	M*	M13	exact	10	M46	G1393A C4394T G6032A A7828G G8886A A9115G A10130G C11008T C11151T A13434G C16278T! A16300G A16343t
KP346023	M46a	M46a	M46a	M*	M13	exact	10	M46	G1393A C4394T G6032A A7828G G8886A A9115G A10130G C11008T C11151T A13434G C16278T! A16300G A16343t
KX457349	M48	M48	M48	M*	M	exact	7	M	
KX457351	M48	M48	M48	M*	M	exact	7	M	
KP346047	M49a	M49a	M49a	M*	M49	exact	8	M49	G7598A C11263T C12346T G14384A G16153A
JX289106	M49c1	M49c1	M49c1	M*	M49	exact	9	M49c	A6605G
KX457071	M49e	M49e	M49e	M*	M49	exact	8	M49	C4735a A10700G C11061T
JX289133	M49e	M49e	M49e	M*	M49	exact	8	M49	C4735a A10700G C11061T
KP346039	M4a	M4a	M4a	M*	M	exact	10	M4	
MH449488	M5	M5	M5	M*	M5	exact	7	M	G1888A G16129A!
GQ301868	M50	M50	M50	M*	M50	exact	7	M	G7226A T15663C T16263C
KP346020	M50	M50	M50	M*	M50	exact	7	M	G7226A T15663C T16263C
PV067321	M50a1	M50a1	M50a1	M*	M50	exact	9	M50a	T466C T4688g T6293C G6962A G7642A C8297T C13802T G16153A A16309G
PV067326	M50a1	M50a1	M50a1	M*	M50	exact	9	M50a	T466C T4688g T6293C G6962A G7642A C8297T C13802T G16153A A16309G
PV067327	M50a1	M50a1	M50a1	M*	M50	exact	9	M50a	T466C T4688g T6293C G6962A G7642A C8297T C13802T G16153A A16309G
HG02070	M51a2	M51a2	M51a2	M*	M	exact	10	M51a	T1822C A4136G C5461T A9100G A14527G T15383C T16189C!
KP345998	M51a2	M51a2	M51a2	M*	M	exact	10	M51a	T1822C A4136G C5461T A9100G A14527G T15383C T16189C!
GQ301882	M51a2	M51a2	M51a2	M*	M	exact	10	M51a	T1822C A4136G C5461T A9100G A14527G T15383C T16189C!
KP346006	M51a2	M51a2	M51a2	M*	M	exact	10	M51a	T1822C A4136G C5461T A9100G A14527G T15383C T16189C!
KC505098	M51b	M51b	M51b	M*	M	exact	9	M51	A2833G
PP654627	M51b	M51b	M51b	M*	M	exact	9	M51	A2833G
PP654646	M51b	M51b	M51b	M*	M	exact	9	M51	A2833G
PP654651	M51b	M51b	M51b	M*	M	exact	9	M51	A2833G
PP654655	M51b	M51b	M51b	M*	M	exact	9	M51	A2833G
PP654656	M51b	M51b	M51b	M*	M	exact	9	M51	A2833G
KC505099	M51b1a	M51b1a	M51b1a	M*	M	exact	11	M51b1	T8119C A11470G
KX457654	M51b1a	M51b1a	M51b1a	M*	M	exact	11	M51b1	T8119C A11470G
KX457665	M51b1a	M51b1a	M51b1a	M*	M	exact	11	M51b1	T8119C A11470G
GQ301879	M51b1a	M51b1a	M51b1a	M*	M	exact	11	M51b1	T8119C A11470G
PP654622	M51b1b	M51b1b	M51b1b	M*	M	exact	11	M51b1	A3565G T3999C T4336C G7642A A13105G! T13768C G13928c A14417G G16145A
PP654565	M51b1b	M51b1b	M51b1b	M*	M	exact	11	M51b1	A3565G T3999C T4336C G7642A A13105G! T13768C G13928c A14417G G16145A
PP654572	M51b1b	M51b1b	M51b1b	M*	M	exact	11	M51b1	A3565G T3999C T4336C G7642A A13105G! T13768C G13928c A14417G G16145A
KP346034	M54	M54	M54	M*	M	exact	8	M3	A9374G T12414C A15848G T16304C
KP346004	M54	M54	M54	M*	M	exact	8	M3	A9374G T12414C A15848G T16304C
MG273079	M55	M55	M55	M*	M	exact	8	M55'77	G94A T173C T204C T482C G709A T3540C G4491A G4655A 5899.1C A6752G 8279.1T G9477A T9938C A11314G T16136C T16217C G16319A T16381C
MG273080	M55	M55	M55	M*	M	exact	8	M55'77	G94A T173C T204C T482C G709A T3540C G4491A G4655A 5899.1C A6752G 8279.1T G9477A T9938C A11314G T16136C T16217C G16319A T16381C
KX457331	M57a	M57a	M57a	M*	M	exact	9	M57	
KX457338	M57a	M57a	M57a	M*	M	exact	9	M57	
KX456818	M	M	M	M*	M	exact	6	L3	T489C C10400T T14783C G15043A
MG272714	M	M	M	M*	M	exact	6	L3	T489C C10400T T14783C G15043A
KX457117	M	M	M	M*	M	exact	6	L3	T489C C10400T T14783C G15043A
KX457127	M	M	M	M*	M	exact	6	L3	T489C C10400T T14783C G15043A
KX457333	M	M	M	M*	M	exact	6	L3	T489C C10400T T14783C G15043A
KX457345	M	M	M	M*	M	exact	6	L3	T489C C10400T T14783C G15043A
KX457372	M	M	M	M*	M	exact	6	L3	T489C C10400T T14783C G15043A
JX289123	M	M	M	M*	M	exact	6	L3	T489C C10400T T14783C G15043A
MG272880	M	M	M	M*	M	exact	6	L3	T489C C10400T T14783C G15043A
MG272881	M	M	M	M*	M	exact	6	L3	T489C C10400T T14783C G15043A
MG272883	M	M	M	M*	M	exact	6	L3	T489C C10400T T14783C G15043A
MG272839	M	M	M	M*	M	exact	6	L3	T489C C10400T T14783C G15043A
MG272840	M	M	M	M*	M	exact	6	L3	T489C C10400T T14783C G15043A
MG272841	M	M	M	M*	M	exact	6	L3	T489C C10400T T14783C G15043A
MG272843	M	M	M	M*	M	exact	6	L3	T489C C10400T T14783C G15043A
MG272845	M	M	M	M*	M	exact	6	L3	T489C C10400T T14783C G15043A
MG272860	M	M	M	M*	M	exact	6	L3	T489C C10400T T14783C G15043A
KX456537	M	M	M	M*	M	exact	6	L3	T489C C10400T T14783C G15043A
KX456642	M	M	M	M*	M	exact	6	L3	T489C C10400T T14783C G15043A
MG273038	M	M	M	M*	M	exact	6	L3	T489C C10400T T14783C G15043A
KP346022	M	M	M	M*	M	exact	6	L3	T489C C10400T T14783C G15043A
KP346041	M	M	M	M*	M	exact	6	L3	T489C C10400T T14783C G15043A
KP346046	M	M	M	M*	M	exact	6	L3	T489C C10400T T14783C G15043A
KP346005	M	M	M	M*	M	exact	6	L3	T489C C10400T T14783C G15043A
KP346007	M	M	M	M*	M	exact	6	L3	T489C C10400T T14783C G15043A
MH448959	M10	M10	M10	M*	M10	exact	7	M	573.XC G709A C4140T T8793C C12549T A13152G T14502C C15040T T15071C T16311C!
JX289101	M10a1	M10a1	M10a1	M*	M10	exact	9	M10a	A15218G
KX456627	M10a1a	M10a1a	M10a1a	M*	M10	exact	10	M10a1	G13135A
MG272655	M12	M12	M12	M*	M12	exact	8	M12'G	C4170T T5580C A12030G G12372A T14727C A15010G C16234T C16290T
KX457147	M1'20'51	M1'20'51	M1'20'51	M*	M	exact	7	M	T14110C
MG272903	M1'20'51	M1'20'51	M1'20'51	M*	M	exact	7	M	T14110C
KX457410	M12b1a2	M12b1a2	M12b1a2	M*	M12	exact	12	M12b1a	T11260C G16319A
KC505071	M12b1a2a	M12b1a2a	M12b1a2a	M*	M12	exact	13	M12b1a2	G1331A! T8749C
KC505072	M12b1a2a	M12b1a2a	M12b1a2a	M*	M12	exact	13	M12b1a2	G1331A! T8749C
KC505076	M12b1a2b	M12b1a2b	M12b1a2b	M*	M12	exact	13	M12b1a2	
KT587364	M12b1b	M12b1b	M12b1b	M*	M12	exact	11	M12b1	G185A A189G C3897T C5336T G14869A C16108T
KT587612	M12b1b	M12b1b	M12b1b	M*	M12	exact	11	M12b1	G185A A189G C3897T C5336T G14869A C16108T
KP345982	M13c	M13c	M13c	M*	M13	exact	9	M13	G3666A G5910A T11944C T16381C G16390A
JX289092	M13c	M13c	M13c	M*	M13	exact	9	M13	G3666A G5910A T11944C T16381C G16390A
GQ301873	M17a	M17a	M17a	M*	M17	exact	8	M17	A862G T10324C G11016A A11908G A12711G T12804C T15530C A15802G G16129A! T16325C
KT587457	M17a	M17a	M17a	M*	M17	exact	8	M17	A862G T10324C G11016A A11908G A12711G T12804C T15530C A15802G G16129A! T16325C
KT587458	M17a	M17a	M17a	M*	M17	exact	8	M17	A862G T10324C G11016A A11908G A12711G T12804C T15530C A15802G G16129A! T16325C
KT587521	M17c	M17c	M17c	M*	M17	exact	8	M17	G1598A
KT587512	M17c	M17c	M17c	M*	M17	exact	8	M17	G1598A
KT587569	M17c	M17c	M17c	M*	M17	exact	8	M17	G1598A
KX456854	M22a	M22a	M22a	M*	M22	exact	8	M22	T6071C T9316C C16290T
PV067297	M22a	M22a	M22a	M*	M22	exact	8	M22	T6071C T9316C C16290T
GQ301880	M22b	M22b	M22b	M*	M22	exact	8	M22	A13681G
KX456804	M24a	M24a	M24a	M*	M24	exact	9	M24	T152C! T7040C T16311C!
KX456805	M24a	M24a	M24a	M*	M24	exact	9	M24	T152C! T7040C T16311C!
KX456811	M24a	M24a	M24a	M*	M24	exact	9	M24	T152C! T7040C T16311C!
KX456814	M24a	M24a	M24a	M*	M24	exact	9	M24	T152C! T7040C T16311C!
KX456819	M24a	M24a	M24a	M*	M24	exact	9	M24	T152C! T7040C T16311C!
PP654522	M24a	M24a	M24a	M*	M24	exact	9	M24	T152C! T7040C T16311C!
MG272656	M24a	M24a	M24a	M*	M24	exact	9	M24	T152C! T7040C T16311C!
KX456881	M24a	M24a	M24a	M*	M24	exact	9	M24	T152C! T7040C T16311C!
KX456515	M24b	M24b	M24b	M*	M24	exact	9	M24	G2140A T10101C G12651A T13812C T16086C
KX456524	M24b	M24b	M24b	M*	M24	exact	9	M24	G2140A T10101C G12651A T13812C T16086C
MG272780	M32'56	M32'56	M32'56	M*	M	exact	7	M	G1438A
KX457460	M32c	M32c	M32c	M*	M	exact	9	M32	C150T A200G C3588T A7960G C8768T A13308G G13590A G13708A C14130T A14260G A14527G G15172A C15625T T16086C C16148T C16259T C16278T! A16399G
KP345994	M33a1	M33a1	M33a1	M*	M33	exact	9	M33a	C12153T
PV067300	M36d	M36d	M36d	M*	M	exact	8	M36	C151T T152C! T5483C
KX456758	M37e	M37e	M37e	M*	M	exact	9	M37	T11050C C16111T T16189C! C16295T
MT419273	M37e	M37e	M37e	M*	M	exact	9	M37	T11050C C16111T T16189C! C16295T
MG272783	M37e2	M37e2	M37e2	M*	M	exact	10	M37e	
KP345990	M1'20'51	M1'20'51	M1'20'51	M*	M	exact	7	M	T14110C
KP345992	M1'20'51	M1'20'51	M1'20'51	M*	M	exact	7	M	T14110C
KP345983	M1'20'51	M1'20'51	M1'20'51	M*	M	exact	7	M	T14110C
KP345986	M1'20'51	M1'20'51	M1'20'51	M*	M	exact	7	M	T14110C
KX457281	M12a1a	M12a1a	M12a1a	M*	M12	exact	11	M12a1	A15463G C15651T
KX457282	M12a1a	M12a1a	M12a1a	M*	M12	exact	11	M12a1	A15463G C15651T
KX457119	M12a1a	M12a1a	M12a1a	M*	M12	exact	11	M12a1	A15463G C15651T
MH449115	M12a2	M12a2	M12a2	M*	M12	exact	10	M12a	
MH449090	M12b1a	M12b1a	M12b1a	M*	M12	exact	11	M12b1	A1331G A15236G A15951G
KT587615	M12b1a2	M12b1a2	M12b1a2	M*	M12	exact	12	M12b1a	T11260C G16319A
PP654842	M12b1a2	M12b1a2	M12b1a2	M*	M12	exact	12	M12b1a	T11260C G16319A
PP654753	M12b1a2	M12b1a2	M12b1a2	M*	M12	exact	12	M12b1a	T11260C G16319A
PP654757	M12b1a2	M12b1a2	M12b1a2	M*	M12	exact	12	M12b1a	T11260C G16319A
PP654763	M12b1a2	M12b1a2	M12b1a2	M*	M12	exact	12	M12b1a	T11260C G16319A
PP654788	M12b1a2	M12b1a2	M12b1a2	M*	M12	exact	12	M12b1a	T11260C G16319A
PP654791	M12b1a2	M12b1a2	M12b1a2	M*	M12	exact	12	M12b1a	T11260C G16319A
PP654793	M12b1a2	M12b1a2	M12b1a2	M*	M12	exact	12	M12b1a	T11260C G16319A
PP654795	M12b1a2	M12b1a2	M12b1a2	M*	M12	exact	12	M12b1a	T11260C G16319A
PP654567	M12b2a	M12b2a	M12b2a	M*	M12	exact	11	M12b2	C151T A9604G T16311C!
PP654706	M13b1	M13b1	M13b1	M*	M13	exact	11	M13b	G709A G10172A T16263C
PP654485	M13b1	M13b1	M13b1	M*	M13	exact	11	M13b	G709A G10172A T16263C
MG272769	M13b1	M13b1	M13b1	M*	M13	exact	11	M13b	G709A G10172A T16263C
KT587552	M13c	M13c	M13c	M*	M13	exact	9	M13	G3666A G5910A T11944C T16381C G16390A
KX457143	M13c	M13c	M13c	M*	M13	exact	9	M13	G3666A G5910A T11944C T16381C G16390A
PV067302	M17c	M17c	M17c	M*	M17	exact	8	M17	G1598A
KX457446	M17c1a	M17c1a	M17c1a	M*	M17	exact	10	M17c1	A13651G
MG272577	M17c1a1	M17c1a1	M17c1a1	M*	M17	exact	11	M17c1a	C15853T A16233G G16274A
MG272578	M17c1a1	M17c1a1	M17c1a1	M*	M17	exact	11	M17c1a	C15853T A16233G G16274A
MG272625	M17c1a1	M17c1a1	M17c1a1	M*	M17	exact	11	M17c1a	C15853T A16233G G16274A
HGDP00716	M17c1a1a	M17c1a1a	M17c1a1a	M*	M17	exact	12	M17c1a1	A2833G
KT587356	M17c1a1a	M17c1a1a	M17c1a1a	M*	M17	exact	12	M17c1a1	A2833G
KT587402	M17c1a1a	M17c1a1a	M17c1a1a	M*	M17	exact	12	M17c1a1	A2833G
KT587403	M17c1a1a	M17c1a1a	M17c1a1a	M*	M17	exact	12	M17c1a1	A2833G
KT587409	M17c1a1a	M17c1a1a	M17c1a1a	M*	M17	exact	12	M17c1a1	A2833G
KT587410	M17c1a1a	M17c1a1a	M17c1a1a	M*	M17	exact	12	M17c1a1	A2833G
KT587448	M17c1a1a	M17c1a1a	M17c1a1a	M*	M17	exact	12	M17c1a1	A2833G
KX457597	R9b1a3	R9b1a3	R9b1a3	R9	R9b	exact	12	R9b1a	C3204T G3316A T6815C
KX457160	R9b1a3	R9b1a3	R9b1a3	R9	R9b	exact	12	R9b1a	C3204T G3316A T6815C
KX457264	R9b1a3	R9b1a3	R9b1a3	R9	R9b	exact	12	R9b1a	C3204T G3316A T6815C
MG272972	R9b1a3	R9b1a3	R9b1a3	R9	R9b	exact	12	R9b1a	C3204T G3316A T6815C
MG272977	R9b1a3	R9b1a3	R9b1a3	R9	R9b	exact	12	R9b1a	C3204T G3316A T6815C
MG272981	R9b1a3	R9b1a3	R9b1a3	R9	R9b	exact	12	R9b1a	C3204T G3316A T6815C
MG272983	R9b1a3	R9b1a3	R9b1a3	R9	R9b	exact	12	R9b1a	C3204T G3316A T6815C
MG272990	R9b1a3	R9b1a3	R9b1a3	R9	R9b	exact	12	R9b1a	C3204T G3316A T6815C
MG273036	R9b1a3	R9b1a3	R9b1a3	R9	R9b	exact	12	R9b1a	C3204T G3316A T6815C
MG273074	R9b1a3	R9b1a3	R9b1a3	R9	R9b	exact	12	R9b1a	C3204T G3316A T6815C
MG273096	R9b1a3	R9b1a3	R9b1a3	R9	R9b	exact	12	R9b1a	C3204T G3316A T6815C
MG273122	R9b1a3	R9b1a3	R9b1a3	R9	R9b	exact	12	R9b1a	C3204T G3316A T6815C
HGDP01310	R9b1a3	R9b1a3	R9b1a3	R9	R9b	exact	12	R9b1a	C3204T G3316A T6815C
MH448988	R9b1a3	R9b1a3	R9b1a3	R9	R9b	exact	12	R9b1a	C3204T G3316A T6815C
MH449021	R9b1a3	R9b1a3	R9b1a3	R9	R9b	exact	12	R9b1a	C3204T G3316A T6815C
KT587384	R9b1b	R9b1b	R9b1b	R9	R9b	exact	11	R9b1	C2322a T16124C C16148T
HG02035	R9b1b	R9b1b	R9b1b	R9	R9b	exact	11	R9b1	C2322a T16124C C16148T
HG02061	R9b1b	R9b1b	R9b1b	R9	R9b	exact	11	R9b1	C2322a T16124C C16148T
PV067316	R9b1b	R9b1b	R9b1b	R9	R9b	exact	11	R9b1	C2322a T16124C C16148T
MG272853	R9b1b	R9b1b	R9b1b	R9	R9b	exact	11	R9b1	C2322a T16124C C16148T
MT418958	R9b1b	R9b1b	R9b1b	R9	R9b	exact	11	R9b1	C2322a T16124C C16148T
KX457550	R9b2	R9b2	R9b2	R9	R9b	exact	10	R9b	G3666A A6647G A8724G T11299C C11422T T13191C A13722G G15314A G15883A T16362C
KX457558	R9b2	R9b2	R9b2	R9	R9b	exact	10	R9b	G3666A A6647G A8724G T11299C C11422T T13191C A13722G G15314A G15883A T16362C
KX457577	R9b2	R9b2	R9b2	R9	R9b	exact	10	R9b	G3666A A6647G A8724G T11299C C11422T T13191C A13722G G15314A G15883A T16362C
MH449274	R9b2	R9b2	R9b2	R9	R9b	exact	10	R9b	G3666A A6647G A8724G T11299C C11422T T13191C A13722G G15314A G15883A T16362C
HG02020	R9c	R9c	R9c	R9	R9c	exact	9	R9	T7861C A11002G T15479C
MG272581	M7c1c3	M7c1c3	M7c1c3	M7	M7	exact	12	M7c1c	
PV067322	M7c1c3	M7c1c3	M7c1c3	M7	M7	exact	12	M7c1c	
GU733792	M7c1c3a	M7c1c3a	M7c1c3a	M7	M7	exact	13	M7c1c3	T5775C C16168T
JX987453	M7c1c3b	M7c1c3b	M7c1c3b	M7	M7	exact	13	M7c1c3	C630T
GU733735	M7c1c3d	M7c1c3d	M7c1c3d	M7	M7	exact	13	M7c1c3	G3915A G7853A T13768C
GU733804	M7c1c3d	M7c1c3d	M7c1c3d	M7	M7	exact	13	M7c1c3	G3915A G7853A T13768C
KX456946	M7c2a	M7c2a	M7c2a	M7	M7	exact	11	M7c2	
KX457627	M7c2a	M7c2a	M7c2a	M7	M7	exact	11	M7c2	
KX456634	A+152	A_T152C	A_T152C	A	A	corrected	8	A	T152C
MT419078	A+152+16362	A_T152C_T16362C	A_T152C_T16362C	A	A	corrected	9	A_T152C	T152C T16362C
HG02139	A+152+16362+200	A_T152C_T16362C_A200G	A_T152C_T16362C_A200G	A	A	corrected	10	A_T152C_T16362C	T152C T16362C A200G
MT419207	A13	A13	A13	A	A	exact	9	A6	T3504C
MG272631	A14	A14	A14	A	A	exact	9	A6	C151T A735G
MT419320	A15a	A15a	A15a	A	A	exact	9	A15	A11084G
KX457344	A17	A17	A17	A	A	exact	8	A	G4113A A5514G T9126C G15217A
MG272728	A5b1	A5b1	A5b1	A	A	exact	10	A5b	G1709A T16126C A16235G
HG01872	B4	B4	B4	B	B4	exact	10	B4'5	
KT587539	B4+16261	B4_C16261T	B4_C16261T	B	B4	corrected	11	B4	C16261T
HG02122	B4a	B4a	B4a	B	B4	exact	11	B4	T5465C G9123A
GU733730	B4a1a	B4a1a	B4a1a	B	B4	exact	13	B4a1	T146C! T6719C C12239T A15746G
GU733797	B4a1a3a1	B4a1a3a1	B4a1a3a1	B	B4	exact	16	B4a1a3a	A8525G
MH449428	B4a1c	B4a1c	B4a1c	B	B4	exact	13	B4a1	G709A
PP654566	B4a1c+146	B4a1c_T146C!	B4a1c_T146C!	B	B4	corrected	14	B4a1c	T146C!
MG272716	B4a1c2	B4a1c2	B4a1c2	B	B4	exact	15	B4a1c1	A7052G A7271G C9822a C15661T C16167T A16317G
HG02134	B4a1c4	B4a1c4	B4a1c4	B	B4	exact	15	B4a1c1	A12904G
MT419080	A+152+16362	A_T152C_T16362C	A_T152C_T16362C	A	A	corrected	9	A_T152C	T152C T16362C
MG273042	A+152+16362+200	A_T152C_T16362C_A200G	A_T152C_T16362C_A200G	A	A	corrected	10	A_T152C_T16362C	T152C T16362C A200G
MT419132	A13	A13	A13	A	A	exact	9	A6	T3504C
KX457090	A14	A14	A14	A	A	exact	9	A6	C151T A735G
MG272807	A17	A17	A17	A	A	exact	8	A	G4113A A5514G T9126C G15217A
MH449471	A5b1	A5b1	A5b1	A	A	exact	10	A5b	G1709A T16126C A16235G
MH449217	B4	B4	B4	B	B4	exact	10	B4'5	
HG02071	B4+16261	B4_C16261T	B4_C16261T	B	B4	corrected	11	B4	C16261T
GU733732	B4a1a	B4a1a	B4a1a	B	B4	exact	13	B4a1	T146C! T6719C C12239T A15746G
MG272744	B4a1c2	B4a1c2	B4a1c2	B	B4	exact	15	B4a1c1	A7052G A7271G C9822a C15661T C16167T A16317G
MH449299	B4a1c4	B4a1c4	B4a1c4	B	B4	exact	15	B4a1c1	A12904G
KX456480	B4a1e	B4a1e	B4a1e	B	B4	exact	14	B4a1a	T3548C C16168T
MT419305	B4a4	B4a4	B4a4	B	B4	exact	12	B4a	A193G C14751T A16299G
MT418969	B4a5	B4a5	B4a5	B	B4	exact	12	B4a	T5814C T12732C A14518G
KX457262	B4b1	B4b1	B4b1	B	B4	exact	13	B4b	
PP654524	B4b1a	B4b1a	B4b1a	B	B4	exact	14	B4b1	G6023A T6413C
KU521394	B4b1a2	B4b1a2	B4b1a2	B	B4	exact	15	B4b1a	T6216C
